product_id,product_name,variant_name,url,category,description,in_stock,scraped_at
8058325532917,Boy Brow,Dark Brown,https://www.glossier.com/en-lt/products/boy-brow?variant=43886803190005,Makeup,"Inspired by the flexible formula of mustache pomade, Boy Brow visibly defines, thickens and shapes for face-framing brows in seconds. A creamy, conditioning formula and a precision brush coats even the smallest and finest hairs for a soft, flexible hold that won’t stiffen or flake. Available in a range of subtly-tinted shades that seamlessly blend in with your natural hairs plus Clear (that won’t leave a trace).",True,2026-10-01T09:16:32+00:00
8058325532917,Boy Brow,Brown,https://www.glossier.com/en-lt/products/boy-brow?variant=43878814712053,Makeup,"Inspired by the flexible formula of mustache pomade, Boy Brow visibly defines, thickens and shapes for face-framing brows in seconds. A creamy, conditioning formula and a precision brush coats even the smallest and finest hairs for a soft, flexible hold that won’t stiffen or flake. Available in a range of subtly-tinted shades that seamlessly blend in with your natural hairs plus Clear (that won’t leave a trace).",True,2026-10-01T09:16:32+00:00
8058325532917,Boy Brow,Auburn,https://www.glossier.com/en-lt/products/boy-brow?variant=43878814744821,Makeup,"Inspired by the flexible formula of mustache pomade, Boy Brow visibly defines, thickens and shapes for face-framing brows in seconds. A creamy, conditioning formula and a precision brush coats even the smallest and finest hairs for a soft, flexible hold that won’t stiffen or flake. Available in a range of subtly-tinted shades that seamlessly blend in with your natural hairs plus Clear (that won’t leave a trace).",True,2026-10-01T09:16:32+00:00
8058325532917,Boy Brow,Blond,https://www.glossier.com/en-lt/products/boy-brow?variant=43878814777589,Makeup,"Inspired by the flexible formula of mustache pomade, Boy Brow visibly defines, thickens and shapes for face-framing brows in seconds. A creamy, conditioning formula and a precision brush coats even the smallest and finest hairs for a soft, flexible hold that won’t stiffen or flake. Available in a range of subtly-tinted shades that seamlessly blend in with your natural hairs plus Clear (that won’t leave a trace).",False,2026-10-01T09:16:32+00:00
8058325532917,Boy Brow,Grey,https://www.glossier.com/en-lt/products/boy-brow?variant=43886803222773,Makeup,"Inspired by the flexible formula of mustache pomade, Boy Brow visibly defines, thickens and shapes for face-framing brows in seconds. A creamy, conditioning formula and a precision brush coats even the smallest and finest hairs for a soft, flexible hold that won’t stiffen or flake. Available in a range of subtly-tinted shades that seamlessly blend in with your natural hairs plus Clear (that won’t leave a trace).",True,2026-10-01T09:16:32+00:00
8058325532917,Boy Brow,Clear,https://www.glossier.com/en-lt/products/boy-brow?variant=43878814810357,Makeup,"Inspired by the flexible formula of mustache pomade, Boy Brow visibly defines, thickens and shapes for face-framing brows in seconds. A creamy, conditioning formula and a precision brush coats even the smallest and finest hairs for a soft, flexible hold that won’t stiffen or flake. Available in a range of subtly-tinted shades that seamlessly blend in with your natural hairs plus Clear (that won’t leave a trace).",True,2026-10-01T09:16:32+00:00
8058325532917,Boy Brow,Black,https://www.glossier.com/en-lt/products/boy-brow?variant=43878814679285,Makeup,"Inspired by the flexible formula of mustache pomade, Boy Brow visibly defines, thickens and shapes for face-framing brows in seconds. A creamy, conditioning formula and a precision brush coats even the smallest and finest hairs for a soft, flexible hold that won’t stiffen or flake. Available in a range of subtly-tinted shades that seamlessly blend in with your natural hairs plus Clear (that won’t leave a trace).",True,2026-10-01T09:16:32+00:00
9150866882805,Balm Dotcom,I Love NY,https://www.glossier.com/en-lt/products/balm-dotcom?variant=48390723731701,Balms,"Our cult-favorite, do-everything lip balm. Swipe on for hydration you can feel and taste with a formula rich in antioxidants and natural emollients to nourish dryness.",True,2026-10-01T09:16:33+00:00
9150866882805,Balm Dotcom,Black Cherry,https://www.glossier.com/en-lt/products/balm-dotcom?variant=46731565859061,Balms,"Our cult-favorite, do-everything lip balm. Swipe on for hydration you can feel and taste with a formula rich in antioxidants and natural emollients to nourish dryness.",True,2026-10-01T09:16:33+00:00
9150866882805,Balm Dotcom,Birthday,https://www.glossier.com/en-lt/products/balm-dotcom?variant=46731565891829,Balms,"Our cult-favorite, do-everything lip balm. Swipe on for hydration you can feel and taste with a formula rich in antioxidants and natural emollients to nourish dryness.",True,2026-10-01T09:16:33+00:00
9150866882805,Balm Dotcom,Strawberry,https://www.glossier.com/en-lt/products/balm-dotcom?variant=46731565924597,Balms,"Our cult-favorite, do-everything lip balm. Swipe on for hydration you can feel and taste with a formula rich in antioxidants and natural emollients to nourish dryness.",True,2026-10-01T09:16:33+00:00
9150866882805,Balm Dotcom,Original,https://www.glossier.com/en-lt/products/balm-dotcom?variant=46731566088437,Balms,"Our cult-favorite, do-everything lip balm. Swipe on for hydration you can feel and taste with a formula rich in antioxidants and natural emollients to nourish dryness.",True,2026-10-01T09:16:33+00:00
9150866882805,Balm Dotcom,Mint,https://www.glossier.com/en-lt/products/balm-dotcom?variant=46731566121205,Balms,"Our cult-favorite, do-everything lip balm. Swipe on for hydration you can feel and taste with a formula rich in antioxidants and natural emollients to nourish dryness.",True,2026-10-01T09:16:33+00:00
9150866882805,Balm Dotcom,Mango,https://www.glossier.com/en-lt/products/balm-dotcom?variant=46731566153973,Balms,"Our cult-favorite, do-everything lip balm. Swipe on for hydration you can feel and taste with a formula rich in antioxidants and natural emollients to nourish dryness.",True,2026-10-01T09:16:33+00:00
9150866882805,Balm Dotcom,Rose,https://www.glossier.com/en-lt/products/balm-dotcom?variant=46731565990133,Balms,"Our cult-favorite, do-everything lip balm. Swipe on for hydration you can feel and taste with a formula rich in antioxidants and natural emollients to nourish dryness.",True,2026-10-01T09:16:33+00:00
9150866882805,Balm Dotcom,Coconut,https://www.glossier.com/en-lt/products/balm-dotcom?variant=46731566022901,Balms,"Our cult-favorite, do-everything lip balm. Swipe on for hydration you can feel and taste with a formula rich in antioxidants and natural emollients to nourish dryness.",True,2026-10-01T09:16:33+00:00
9150866882805,Balm Dotcom,Wild Fig,https://www.glossier.com/en-lt/products/balm-dotcom?variant=46731565957365,Balms,"Our cult-favorite, do-everything lip balm. Swipe on for hydration you can feel and taste with a formula rich in antioxidants and natural emollients to nourish dryness.",True,2026-10-01T09:16:33+00:00
9150866882805,Balm Dotcom,Lavender,https://www.glossier.com/en-lt/products/balm-dotcom?variant=46731566055669,Balms,"Our cult-favorite, do-everything lip balm. Swipe on for hydration you can feel and taste with a formula rich in antioxidants and natural emollients to nourish dryness.",True,2026-10-01T09:16:33+00:00
9150866882805,Balm Dotcom,Espresso,https://www.glossier.com/en-lt/products/balm-dotcom?variant=46731565826293,Balms,"Our cult-favorite, do-everything lip balm. Swipe on for hydration you can feel and taste with a formula rich in antioxidants and natural emollients to nourish dryness.",True,2026-10-01T09:16:33+00:00
8955889910005,Lip Line,Black Cherry,https://www.glossier.com/en-lt/products/lip-line?variant=46178257469685,Makeup,"A creamy, medium-coverage lip pencil that enhances your natural shape and tone. Available in an array of true-to-lip, nipple-matched shades.",True,2026-10-01T09:16:39+00:00
8955889910005,Lip Line,Hold,https://www.glossier.com/en-lt/products/lip-line?variant=46178045788405,Makeup,"A creamy, medium-coverage lip pencil that enhances your natural shape and tone. Available in an array of true-to-lip, nipple-matched shades.",True,2026-10-01T09:16:39+00:00
8955889910005,Lip Line,Grip,https://www.glossier.com/en-lt/products/lip-line?variant=46178045821173,Makeup,"A creamy, medium-coverage lip pencil that enhances your natural shape and tone. Available in an array of true-to-lip, nipple-matched shades.",True,2026-10-01T09:16:39+00:00
8955889910005,Lip Line,Graze,https://www.glossier.com/en-lt/products/lip-line?variant=46178045853941,Makeup,"A creamy, medium-coverage lip pencil that enhances your natural shape and tone. Available in an array of true-to-lip, nipple-matched shades.",True,2026-10-01T09:16:39+00:00
8955889910005,Lip Line,Buff,https://www.glossier.com/en-lt/products/lip-line?variant=46178045886709,Makeup,"A creamy, medium-coverage lip pencil that enhances your natural shape and tone. Available in an array of true-to-lip, nipple-matched shades.",True,2026-10-01T09:16:39+00:00
8955889910005,Lip Line,Bit,https://www.glossier.com/en-lt/products/lip-line?variant=46178045919477,Makeup,"A creamy, medium-coverage lip pencil that enhances your natural shape and tone. Available in an array of true-to-lip, nipple-matched shades.",True,2026-10-01T09:16:39+00:00
8955889910005,Lip Line,Nip,https://www.glossier.com/en-lt/products/lip-line?variant=46178045985013,Makeup,"A creamy, medium-coverage lip pencil that enhances your natural shape and tone. Available in an array of true-to-lip, nipple-matched shades.",True,2026-10-01T09:16:39+00:00
8955889910005,Lip Line,Bare,https://www.glossier.com/en-lt/products/lip-line?variant=46178046017781,Makeup,"A creamy, medium-coverage lip pencil that enhances your natural shape and tone. Available in an array of true-to-lip, nipple-matched shades.",True,2026-10-01T09:16:39+00:00
8955889910005,Lip Line,Flush,https://www.glossier.com/en-lt/products/lip-line?variant=46178045952245,Makeup,"A creamy, medium-coverage lip pencil that enhances your natural shape and tone. Available in an array of true-to-lip, nipple-matched shades.",True,2026-10-01T09:16:39+00:00
9313312211189,Cloud Paint Plush Blush,Float,https://www.glossier.com/en-lt/products/cloud-paint-plush-blush?variant=46966506914037,Makeup,A pillowy-soft powder blush that blends and builds seamlessly for a soft-matte flush. Available in a wide range of colors inspired by New York City sunsets.,True,2026-10-01T09:16:40+00:00
9313312211189,Cloud Paint Plush Blush,Storm,https://www.glossier.com/en-lt/products/cloud-paint-plush-blush?variant=46966507012341,Makeup,A pillowy-soft powder blush that blends and builds seamlessly for a soft-matte flush. Available in a wide range of colors inspired by New York City sunsets.,True,2026-10-01T09:16:40+00:00
9313312211189,Cloud Paint Plush Blush,Bloom,https://www.glossier.com/en-lt/products/cloud-paint-plush-blush?variant=46966506848501,Makeup,A pillowy-soft powder blush that blends and builds seamlessly for a soft-matte flush. Available in a wide range of colors inspired by New York City sunsets.,True,2026-10-01T09:16:40+00:00
9313312211189,Cloud Paint Plush Blush,Puff,https://www.glossier.com/en-lt/products/cloud-paint-plush-blush?variant=46966506750197,Makeup,A pillowy-soft powder blush that blends and builds seamlessly for a soft-matte flush. Available in a wide range of colors inspired by New York City sunsets.,True,2026-10-01T09:16:40+00:00
9313312211189,Cloud Paint Plush Blush,Beam,https://www.glossier.com/en-lt/products/cloud-paint-plush-blush?variant=46966506815733,Makeup,A pillowy-soft powder blush that blends and builds seamlessly for a soft-matte flush. Available in a wide range of colors inspired by New York City sunsets.,True,2026-10-01T09:16:40+00:00
9313312211189,Cloud Paint Plush Blush,Soar,https://www.glossier.com/en-lt/products/cloud-paint-plush-blush?variant=46966506946805,Makeup,A pillowy-soft powder blush that blends and builds seamlessly for a soft-matte flush. Available in a wide range of colors inspired by New York City sunsets.,True,2026-10-01T09:16:40+00:00
9313312211189,Cloud Paint Plush Blush,Billow,https://www.glossier.com/en-lt/products/cloud-paint-plush-blush?variant=46966506782965,Makeup,A pillowy-soft powder blush that blends and builds seamlessly for a soft-matte flush. Available in a wide range of colors inspired by New York City sunsets.,True,2026-10-01T09:16:40+00:00
9313312211189,Cloud Paint Plush Blush,Gale,https://www.glossier.com/en-lt/products/cloud-paint-plush-blush?variant=46966506881269,Makeup,A pillowy-soft powder blush that blends and builds seamlessly for a soft-matte flush. Available in a wide range of colors inspired by New York City sunsets.,True,2026-10-01T09:16:40+00:00
9313312211189,Cloud Paint Plush Blush,Burst,https://www.glossier.com/en-lt/products/cloud-paint-plush-blush?variant=46966506979573,Makeup,A pillowy-soft powder blush that blends and builds seamlessly for a soft-matte flush. Available in a wide range of colors inspired by New York City sunsets.,True,2026-10-01T09:16:40+00:00
9313312211189,Cloud Paint Plush Blush,Plume,https://www.glossier.com/en-lt/products/cloud-paint-plush-blush?variant=46966507045109,Makeup,A pillowy-soft powder blush that blends and builds seamlessly for a soft-matte flush. Available in a wide range of colors inspired by New York City sunsets.,True,2026-10-01T09:16:40+00:00
8955892400373,Cloud Paint,Puff,https://www.glossier.com/en-lt/products/cloud-paint?variant=46178049687797,Makeup,"A collection of seamless cheek colors in both blush and bronzer shades inspired by golden hour sunsets, so natural it’s like your skin made it. Easy to wear and apply, each shade is sheer enough to blend and layer without going overboard.",True,2026-10-01T09:16:42+00:00
8955892400373,Cloud Paint,Storm,https://www.glossier.com/en-lt/products/cloud-paint?variant=46178049818869,Makeup,"A collection of seamless cheek colors in both blush and bronzer shades inspired by golden hour sunsets, so natural it’s like your skin made it. Easy to wear and apply, each shade is sheer enough to blend and layer without going overboard.",True,2026-10-01T09:16:42+00:00
8955892400373,Cloud Paint,Soar,https://www.glossier.com/en-lt/products/cloud-paint?variant=46178049523957,Makeup,"A collection of seamless cheek colors in both blush and bronzer shades inspired by golden hour sunsets, so natural it’s like your skin made it. Easy to wear and apply, each shade is sheer enough to blend and layer without going overboard.",True,2026-10-01T09:16:42+00:00
8955892400373,Cloud Paint,Beam,https://www.glossier.com/en-lt/products/cloud-paint?variant=46178049589493,Makeup,"A collection of seamless cheek colors in both blush and bronzer shades inspired by golden hour sunsets, so natural it’s like your skin made it. Easy to wear and apply, each shade is sheer enough to blend and layer without going overboard.",True,2026-10-01T09:16:42+00:00
8955892400373,Cloud Paint,Wisp,https://www.glossier.com/en-lt/products/cloud-paint?variant=46178049556725,Makeup,"A collection of seamless cheek colors in both blush and bronzer shades inspired by golden hour sunsets, so natural it’s like your skin made it. Easy to wear and apply, each shade is sheer enough to blend and layer without going overboard.",True,2026-10-01T09:16:42+00:00
8955892400373,Cloud Paint,Dawn,https://www.glossier.com/en-lt/products/cloud-paint?variant=46178049622261,Makeup,"A collection of seamless cheek colors in both blush and bronzer shades inspired by golden hour sunsets, so natural it’s like your skin made it. Easy to wear and apply, each shade is sheer enough to blend and layer without going overboard.",True,2026-10-01T09:16:42+00:00
8955892400373,Cloud Paint,Spark,https://www.glossier.com/en-lt/products/cloud-paint?variant=46178049655029,Makeup,"A collection of seamless cheek colors in both blush and bronzer shades inspired by golden hour sunsets, so natural it’s like your skin made it. Easy to wear and apply, each shade is sheer enough to blend and layer without going overboard.",True,2026-10-01T09:16:42+00:00
8955892400373,Cloud Paint,Dusk,https://www.glossier.com/en-lt/products/cloud-paint?variant=46178049720565,Makeup,"A collection of seamless cheek colors in both blush and bronzer shades inspired by golden hour sunsets, so natural it’s like your skin made it. Easy to wear and apply, each shade is sheer enough to blend and layer without going overboard.",True,2026-10-01T09:16:42+00:00
8955892400373,Cloud Paint,Haze,https://www.glossier.com/en-lt/products/cloud-paint?variant=46178049753333,Makeup,"A collection of seamless cheek colors in both blush and bronzer shades inspired by golden hour sunsets, so natural it’s like your skin made it. Easy to wear and apply, each shade is sheer enough to blend and layer without going overboard.",True,2026-10-01T09:16:42+00:00
8955892400373,Cloud Paint,Eve,https://www.glossier.com/en-lt/products/cloud-paint?variant=46178049786101,Makeup,"A collection of seamless cheek colors in both blush and bronzer shades inspired by golden hour sunsets, so natural it’s like your skin made it. Easy to wear and apply, each shade is sheer enough to blend and layer without going overboard.",True,2026-10-01T09:16:42+00:00
8955892400373,Cloud Paint,Drift,https://www.glossier.com/en-lt/products/cloud-paint?variant=46178049851637,Makeup,"A collection of seamless cheek colors in both blush and bronzer shades inspired by golden hour sunsets, so natural it’s like your skin made it. Easy to wear and apply, each shade is sheer enough to blend and layer without going overboard.",True,2026-10-01T09:16:42+00:00
8955892400373,Cloud Paint,Coast,https://www.glossier.com/en-lt/products/cloud-paint?variant=46178049884405,Makeup,"A collection of seamless cheek colors in both blush and bronzer shades inspired by golden hour sunsets, so natural it’s like your skin made it. Easy to wear and apply, each shade is sheer enough to blend and layer without going overboard.",True,2026-10-01T09:16:42+00:00
8955892400373,Cloud Paint,Swept,https://www.glossier.com/en-lt/products/cloud-paint?variant=46178049917173,Makeup,"A collection of seamless cheek colors in both blush and bronzer shades inspired by golden hour sunsets, so natural it’s like your skin made it. Easy to wear and apply, each shade is sheer enough to blend and layer without going overboard.",True,2026-10-01T09:16:42+00:00
8955892400373,Cloud Paint,Dune,https://www.glossier.com/en-lt/products/cloud-paint?variant=46178049949941,Makeup,"A collection of seamless cheek colors in both blush and bronzer shades inspired by golden hour sunsets, so natural it’s like your skin made it. Easy to wear and apply, each shade is sheer enough to blend and layer without going overboard.",True,2026-10-01T09:16:42+00:00
8955892400373,Cloud Paint,Sail,https://www.glossier.com/en-lt/products/cloud-paint?variant=46178049982709,Makeup,"A collection of seamless cheek colors in both blush and bronzer shades inspired by golden hour sunsets, so natural it’s like your skin made it. Easy to wear and apply, each shade is sheer enough to blend and layer without going overboard.",True,2026-10-01T09:16:42+00:00
8035305128181,Futuredew,,https://www.glossier.com/en-lt/products/futuredew?variant=43781981995253,Skincare,"A skincare–makeup hybrid that’s a one-step shortcut to the glow of a 12-step routine. Think instant dewy, sun-kissed glow, plus smoother-looking texture with continued use. Packed with hydrating heavy-hitters, nourishing oils, and powerful plant-based extracts, it leaves skin gleamy, well-moisturized, and visibly brighter for up to 12 hours.",True,2026-10-01T09:16:46+00:00
9345143865589,Glossier You Discovery Kit,,https://www.glossier.com/en-lt/products/glossier-you-mini-wardrobe?variant=47033868976373,Fragrance,"A trial-sized collection featuring four of our Glossier You fragrances: You, Doux, Reve, and Fleur. The Glossier You Collection is a collection of skin-scent enhancers that are designed to be layered and played with.",True,2026-10-01T09:16:51+00:00
9674603921653,Embroidered Pink Hoodie,XS,https://www.glossier.com/en-lt/products/embroidered-pink-hoodie?variant=48149985624309,Merch,"The cozy essential you know and love, refreshed with just the right modern touch. A slightly cropped waistband gives it an easy, updated shape, while the G-quad patch, embroidered logo, and Smile Wave motif add a bit of personality in all the right places. It’s the forever classic—just a little more current, a little more considered, and made to be worn on repeat!",True,2026-10-01T09:16:52+00:00
9674603921653,Embroidered Pink Hoodie,S,https://www.glossier.com/en-lt/products/embroidered-pink-hoodie?variant=48149985657077,Merch,"The cozy essential you know and love, refreshed with just the right modern touch. A slightly cropped waistband gives it an easy, updated shape, while the G-quad patch, embroidered logo, and Smile Wave motif add a bit of personality in all the right places. It’s the forever classic—just a little more current, a little more considered, and made to be worn on repeat!",True,2026-10-01T09:16:52+00:00
9674603921653,Embroidered Pink Hoodie,M,https://www.glossier.com/en-lt/products/embroidered-pink-hoodie?variant=48149985689845,Merch,"The cozy essential you know and love, refreshed with just the right modern touch. A slightly cropped waistband gives it an easy, updated shape, while the G-quad patch, embroidered logo, and Smile Wave motif add a bit of personality in all the right places. It’s the forever classic—just a little more current, a little more considered, and made to be worn on repeat!",True,2026-10-01T09:16:52+00:00
9674603921653,Embroidered Pink Hoodie,L,https://www.glossier.com/en-lt/products/embroidered-pink-hoodie?variant=48149985722613,Merch,"The cozy essential you know and love, refreshed with just the right modern touch. A slightly cropped waistband gives it an easy, updated shape, while the G-quad patch, embroidered logo, and Smile Wave motif add a bit of personality in all the right places. It’s the forever classic—just a little more current, a little more considered, and made to be worn on repeat!",True,2026-10-01T09:16:52+00:00
9674603921653,Embroidered Pink Hoodie,XL,https://www.glossier.com/en-lt/products/embroidered-pink-hoodie?variant=48149985755381,Merch,"The cozy essential you know and love, refreshed with just the right modern touch. A slightly cropped waistband gives it an easy, updated shape, while the G-quad patch, embroidered logo, and Smile Wave motif add a bit of personality in all the right places. It’s the forever classic—just a little more current, a little more considered, and made to be worn on repeat!",True,2026-10-01T09:16:52+00:00
9674603921653,Embroidered Pink Hoodie,2XL,https://www.glossier.com/en-lt/products/embroidered-pink-hoodie?variant=48149985788149,Merch,"The cozy essential you know and love, refreshed with just the right modern touch. A slightly cropped waistband gives it an easy, updated shape, while the G-quad patch, embroidered logo, and Smile Wave motif add a bit of personality in all the right places. It’s the forever classic—just a little more current, a little more considered, and made to be worn on repeat!",True,2026-10-01T09:16:52+00:00
9674603921653,Embroidered Pink Hoodie,3XL,https://www.glossier.com/en-lt/products/embroidered-pink-hoodie?variant=48149985820917,Merch,"The cozy essential you know and love, refreshed with just the right modern touch. A slightly cropped waistband gives it an easy, updated shape, while the G-quad patch, embroidered logo, and Smile Wave motif add a bit of personality in all the right places. It’s the forever classic—just a little more current, a little more considered, and made to be worn on repeat!",False,2026-10-01T09:16:52+00:00
8035305554165,Lash Slick,Brown,https://www.glossier.com/en-lt/products/lash-slick?variant=43781982388469,Makeup,"Our best-selling mascara visibly lengthens and lifts lashes for a baby extensions effect. More: ‘Your lashes look good’ than ‘your mascara looks good’. The weightless, flexible formula will give you natural-looking lift and length with teeny-tiny fibers that coat each individual lash from root to tip for maximum definition. Come for better-looking lashes, stay for the long-wearing, water-resistant (not waterproof) formula that stays in place for up to 12 hours—without smudging or flaking*. *Tested on Lash Slick in Black only.",True,2026-10-01T09:16:54+00:00
8035305554165,Lash Slick,Black,https://www.glossier.com/en-lt/products/lash-slick?variant=43781982519541,Makeup,"Our best-selling mascara visibly lengthens and lifts lashes for a baby extensions effect. More: ‘Your lashes look good’ than ‘your mascara looks good’. The weightless, flexible formula will give you natural-looking lift and length with teeny-tiny fibers that coat each individual lash from root to tip for maximum definition. Come for better-looking lashes, stay for the long-wearing, water-resistant (not waterproof) formula that stays in place for up to 12 hours—without smudging or flaking*. *Tested on Lash Slick in Black only.",False,2026-10-01T09:16:54+00:00
8983877845237,Ultralip,Lucite,https://www.glossier.com/en-lt/products/ultralip?variant=46255423783157,Makeup,"Cocoon your lips with this luxe, one-step lipstick. Formulated with the rich moisture of a balm, the sheen of a gloss and the buildable color of a lip tint, this staple is bound to be your new obsession.",True,2026-10-01T09:16:56+00:00
8983877845237,Ultralip,Pony,https://www.glossier.com/en-lt/products/ultralip?variant=46255423717621,Makeup,"Cocoon your lips with this luxe, one-step lipstick. Formulated with the rich moisture of a balm, the sheen of a gloss and the buildable color of a lip tint, this staple is bound to be your new obsession.",True,2026-10-01T09:16:56+00:00
8983877845237,Ultralip,Cranberry,https://www.glossier.com/en-lt/products/ultralip?variant=46255423750389,Makeup,"Cocoon your lips with this luxe, one-step lipstick. Formulated with the rich moisture of a balm, the sheen of a gloss and the buildable color of a lip tint, this staple is bound to be your new obsession.",True,2026-10-01T09:16:56+00:00
8983877845237,Ultralip,Cachet,https://www.glossier.com/en-lt/products/ultralip?variant=46255423848693,Makeup,"Cocoon your lips with this luxe, one-step lipstick. Formulated with the rich moisture of a balm, the sheen of a gloss and the buildable color of a lip tint, this staple is bound to be your new obsession.",True,2026-10-01T09:16:56+00:00
8983877845237,Ultralip,Portrait,https://www.glossier.com/en-lt/products/ultralip?variant=46255423946997,Makeup,"Cocoon your lips with this luxe, one-step lipstick. Formulated with the rich moisture of a balm, the sheen of a gloss and the buildable color of a lip tint, this staple is bound to be your new obsession.",True,2026-10-01T09:16:56+00:00
8983877845237,Ultralip,Ember,https://www.glossier.com/en-lt/products/ultralip?variant=46255424012533,Makeup,"Cocoon your lips with this luxe, one-step lipstick. Formulated with the rich moisture of a balm, the sheen of a gloss and the buildable color of a lip tint, this staple is bound to be your new obsession.",False,2026-10-01T09:16:56+00:00
8983877845237,Ultralip,Villa,https://www.glossier.com/en-lt/products/ultralip?variant=46255424045301,Makeup,"Cocoon your lips with this luxe, one-step lipstick. Formulated with the rich moisture of a balm, the sheen of a gloss and the buildable color of a lip tint, this staple is bound to be your new obsession.",False,2026-10-01T09:16:56+00:00
8983877845237,Ultralip,Crest,https://www.glossier.com/en-lt/products/ultralip?variant=46255436398837,Makeup,"Cocoon your lips with this luxe, one-step lipstick. Formulated with the rich moisture of a balm, the sheen of a gloss and the buildable color of a lip tint, this staple is bound to be your new obsession.",False,2026-10-01T09:16:56+00:00
8983877845237,Ultralip,Flute,https://www.glossier.com/en-lt/products/ultralip?variant=46255436366069,Makeup,"Cocoon your lips with this luxe, one-step lipstick. Formulated with the rich moisture of a balm, the sheen of a gloss and the buildable color of a lip tint, this staple is bound to be your new obsession.",False,2026-10-01T09:16:56+00:00
8255637979381,Milky Jelly Cleanser,177 mL,https://www.glossier.com/en-lt/products/milky-jelly-cleanser?variant=44415832752373,Skincare,"A pH-balanced gel-cream cleanser that’s suitable for all skin types. Formulated with gentle, conditioning ingredients, this cleanser dissolves dirt, oil and makeup while leaving skin soft and nourished–never stripped.",True,2026-10-01T09:17:00+00:00
8255637979381,Milky Jelly Cleanser,60 mL,https://www.glossier.com/en-lt/products/milky-jelly-cleanser?variant=44415832785141,Skincare,"A pH-balanced gel-cream cleanser that’s suitable for all skin types. Formulated with gentle, conditioning ingredients, this cleanser dissolves dirt, oil and makeup while leaving skin soft and nourished–never stripped.",True,2026-10-01T09:17:00+00:00
8255637979381,Milky Jelly Cleanser,300 mL,https://www.glossier.com/en-lt/products/milky-jelly-cleanser?variant=44415835275509,Skincare,"A pH-balanced gel-cream cleanser that’s suitable for all skin types. Formulated with gentle, conditioning ingredients, this cleanser dissolves dirt, oil and makeup while leaving skin soft and nourished–never stripped.",False,2026-10-01T09:17:00+00:00
8255637979381,Milky Jelly Cleanser,15 mL,https://www.glossier.com/en-lt/products/milky-jelly-cleanser?variant=45923589259509,Skincare,"A pH-balanced gel-cream cleanser that’s suitable for all skin types. Formulated with gentle, conditioning ingredients, this cleanser dissolves dirt, oil and makeup while leaving skin soft and nourished–never stripped.",False,2026-10-01T09:17:00+00:00
8353877491957,Invisible Shield SPF50,,https://www.glossier.com/en-lt/products/invisible-shield-spf50-eu?variant=44879635153141,Skincare,"Lightweight and undetectable, this SPF50 broad-spectrum chemical sunscreen protects against UVA/UVB rays, leaves no greasy residue or white cast, and even primes skin for smooth makeup application.",False,2026-10-01T09:17:01+00:00
8035307880693,Perfecting Skin Tint,G1,https://www.glossier.com/en-lt/products/perfecting-skin-tint?variant=43781992022261,Makeup,"An undetectable wash of color that evens out skin’s appearance but won’t hide your freckles, cake your pores, or cover you up. The ultra-thin, breathable formula leaves you with a smooth, dewy finish that lets your skin shine through. Diamond Powder gives a brightening, soft-focus effect and minimizes the appearance of pores, while Glycerin acts as a moisture lock to attract hydration. Comes in 12 super sheer shades.",True,2026-10-01T09:17:03+00:00
8035307880693,Perfecting Skin Tint,G2,https://www.glossier.com/en-lt/products/perfecting-skin-tint?variant=43781992055029,Makeup,"An undetectable wash of color that evens out skin’s appearance but won’t hide your freckles, cake your pores, or cover you up. The ultra-thin, breathable formula leaves you with a smooth, dewy finish that lets your skin shine through. Diamond Powder gives a brightening, soft-focus effect and minimizes the appearance of pores, while Glycerin acts as a moisture lock to attract hydration. Comes in 12 super sheer shades.",True,2026-10-01T09:17:03+00:00
8035307880693,Perfecting Skin Tint,G3,https://www.glossier.com/en-lt/products/perfecting-skin-tint?variant=43781992087797,Makeup,"An undetectable wash of color that evens out skin’s appearance but won’t hide your freckles, cake your pores, or cover you up. The ultra-thin, breathable formula leaves you with a smooth, dewy finish that lets your skin shine through. Diamond Powder gives a brightening, soft-focus effect and minimizes the appearance of pores, while Glycerin acts as a moisture lock to attract hydration. Comes in 12 super sheer shades.",True,2026-10-01T09:17:03+00:00
8035307880693,Perfecting Skin Tint,G4,https://www.glossier.com/en-lt/products/perfecting-skin-tint?variant=43781992120565,Makeup,"An undetectable wash of color that evens out skin’s appearance but won’t hide your freckles, cake your pores, or cover you up. The ultra-thin, breathable formula leaves you with a smooth, dewy finish that lets your skin shine through. Diamond Powder gives a brightening, soft-focus effect and minimizes the appearance of pores, while Glycerin acts as a moisture lock to attract hydration. Comes in 12 super sheer shades.",True,2026-10-01T09:17:03+00:00
8035307880693,Perfecting Skin Tint,G5,https://www.glossier.com/en-lt/products/perfecting-skin-tint?variant=43781992153333,Makeup,"An undetectable wash of color that evens out skin’s appearance but won’t hide your freckles, cake your pores, or cover you up. The ultra-thin, breathable formula leaves you with a smooth, dewy finish that lets your skin shine through. Diamond Powder gives a brightening, soft-focus effect and minimizes the appearance of pores, while Glycerin acts as a moisture lock to attract hydration. Comes in 12 super sheer shades.",False,2026-10-01T09:17:03+00:00
8035307880693,Perfecting Skin Tint,G6,https://www.glossier.com/en-lt/products/perfecting-skin-tint?variant=43781992186101,Makeup,"An undetectable wash of color that evens out skin’s appearance but won’t hide your freckles, cake your pores, or cover you up. The ultra-thin, breathable formula leaves you with a smooth, dewy finish that lets your skin shine through. Diamond Powder gives a brightening, soft-focus effect and minimizes the appearance of pores, while Glycerin acts as a moisture lock to attract hydration. Comes in 12 super sheer shades.",True,2026-10-01T09:17:03+00:00
8035307880693,Perfecting Skin Tint,G7,https://www.glossier.com/en-lt/products/perfecting-skin-tint?variant=43781992218869,Makeup,"An undetectable wash of color that evens out skin’s appearance but won’t hide your freckles, cake your pores, or cover you up. The ultra-thin, breathable formula leaves you with a smooth, dewy finish that lets your skin shine through. Diamond Powder gives a brightening, soft-focus effect and minimizes the appearance of pores, while Glycerin acts as a moisture lock to attract hydration. Comes in 12 super sheer shades.",True,2026-10-01T09:17:03+00:00
8035307880693,Perfecting Skin Tint,G8,https://www.glossier.com/en-lt/products/perfecting-skin-tint?variant=43781992251637,Makeup,"An undetectable wash of color that evens out skin’s appearance but won’t hide your freckles, cake your pores, or cover you up. The ultra-thin, breathable formula leaves you with a smooth, dewy finish that lets your skin shine through. Diamond Powder gives a brightening, soft-focus effect and minimizes the appearance of pores, while Glycerin acts as a moisture lock to attract hydration. Comes in 12 super sheer shades.",True,2026-10-01T09:17:03+00:00
8035307880693,Perfecting Skin Tint,G9,https://www.glossier.com/en-lt/products/perfecting-skin-tint?variant=43781992284405,Makeup,"An undetectable wash of color that evens out skin’s appearance but won’t hide your freckles, cake your pores, or cover you up. The ultra-thin, breathable formula leaves you with a smooth, dewy finish that lets your skin shine through. Diamond Powder gives a brightening, soft-focus effect and minimizes the appearance of pores, while Glycerin acts as a moisture lock to attract hydration. Comes in 12 super sheer shades.",True,2026-10-01T09:17:03+00:00
8035307880693,Perfecting Skin Tint,G10,https://www.glossier.com/en-lt/products/perfecting-skin-tint?variant=43781992317173,Makeup,"An undetectable wash of color that evens out skin’s appearance but won’t hide your freckles, cake your pores, or cover you up. The ultra-thin, breathable formula leaves you with a smooth, dewy finish that lets your skin shine through. Diamond Powder gives a brightening, soft-focus effect and minimizes the appearance of pores, while Glycerin acts as a moisture lock to attract hydration. Comes in 12 super sheer shades.",True,2026-10-01T09:17:03+00:00
8035307880693,Perfecting Skin Tint,G11,https://www.glossier.com/en-lt/products/perfecting-skin-tint?variant=43781992349941,Makeup,"An undetectable wash of color that evens out skin’s appearance but won’t hide your freckles, cake your pores, or cover you up. The ultra-thin, breathable formula leaves you with a smooth, dewy finish that lets your skin shine through. Diamond Powder gives a brightening, soft-focus effect and minimizes the appearance of pores, while Glycerin acts as a moisture lock to attract hydration. Comes in 12 super sheer shades.",True,2026-10-01T09:17:03+00:00
8035307880693,Perfecting Skin Tint,G12,https://www.glossier.com/en-lt/products/perfecting-skin-tint?variant=43781992382709,Makeup,"An undetectable wash of color that evens out skin’s appearance but won’t hide your freckles, cake your pores, or cover you up. The ultra-thin, breathable formula leaves you with a smooth, dewy finish that lets your skin shine through. Diamond Powder gives a brightening, soft-focus effect and minimizes the appearance of pores, while Glycerin acts as a moisture lock to attract hydration. Comes in 12 super sheer shades.",False,2026-10-01T09:17:03+00:00
8087462052085,Stretch Balm Concealer,Very Deep 4,https://www.glossier.com/en-lt/products/stretch-balm-concealer?variant=43957670707445,Makeup,"The same concealer you know and love, now available in 32 foundation-matching shades. Buildable coverage formulated to camouflage skin realities like dark circles, blemishes, and redness—but always look like skin with a dewy glowy finish.",False,2026-10-01T09:17:05+00:00
8087462052085,Stretch Balm Concealer,Very Deep 3,https://www.glossier.com/en-lt/products/stretch-balm-concealer?variant=43957670740213,Makeup,"The same concealer you know and love, now available in 32 foundation-matching shades. Buildable coverage formulated to camouflage skin realities like dark circles, blemishes, and redness—but always look like skin with a dewy glowy finish.",True,2026-10-01T09:17:05+00:00
8087462052085,Stretch Balm Concealer,Very Deep 2,https://www.glossier.com/en-lt/products/stretch-balm-concealer?variant=43957670772981,Makeup,"The same concealer you know and love, now available in 32 foundation-matching shades. Buildable coverage formulated to camouflage skin realities like dark circles, blemishes, and redness—but always look like skin with a dewy glowy finish.",True,2026-10-01T09:17:05+00:00
8087462052085,Stretch Balm Concealer,Very Deep 1,https://www.glossier.com/en-lt/products/stretch-balm-concealer?variant=43957670805749,Makeup,"The same concealer you know and love, now available in 32 foundation-matching shades. Buildable coverage formulated to camouflage skin realities like dark circles, blemishes, and redness—but always look like skin with a dewy glowy finish.",True,2026-10-01T09:17:05+00:00
8087462052085,Stretch Balm Concealer,Deep 5,https://www.glossier.com/en-lt/products/stretch-balm-concealer?variant=43957670838517,Makeup,"The same concealer you know and love, now available in 32 foundation-matching shades. Buildable coverage formulated to camouflage skin realities like dark circles, blemishes, and redness—but always look like skin with a dewy glowy finish.",True,2026-10-01T09:17:05+00:00
8087462052085,Stretch Balm Concealer,Deep 4,https://www.glossier.com/en-lt/products/stretch-balm-concealer?variant=43957670871285,Makeup,"The same concealer you know and love, now available in 32 foundation-matching shades. Buildable coverage formulated to camouflage skin realities like dark circles, blemishes, and redness—but always look like skin with a dewy glowy finish.",True,2026-10-01T09:17:05+00:00
8087462052085,Stretch Balm Concealer,Deep 3,https://www.glossier.com/en-lt/products/stretch-balm-concealer?variant=43957670904053,Makeup,"The same concealer you know and love, now available in 32 foundation-matching shades. Buildable coverage formulated to camouflage skin realities like dark circles, blemishes, and redness—but always look like skin with a dewy glowy finish.",True,2026-10-01T09:17:05+00:00
8087462052085,Stretch Balm Concealer,Deep 2,https://www.glossier.com/en-lt/products/stretch-balm-concealer?variant=43957670936821,Makeup,"The same concealer you know and love, now available in 32 foundation-matching shades. Buildable coverage formulated to camouflage skin realities like dark circles, blemishes, and redness—but always look like skin with a dewy glowy finish.",True,2026-10-01T09:17:05+00:00
8087462052085,Stretch Balm Concealer,Deep 1,https://www.glossier.com/en-lt/products/stretch-balm-concealer?variant=43957670969589,Makeup,"The same concealer you know and love, now available in 32 foundation-matching shades. Buildable coverage formulated to camouflage skin realities like dark circles, blemishes, and redness—but always look like skin with a dewy glowy finish.",True,2026-10-01T09:17:05+00:00
8087462052085,Stretch Balm Concealer,Medium Deep 4,https://www.glossier.com/en-lt/products/stretch-balm-concealer?variant=43957671002357,Makeup,"The same concealer you know and love, now available in 32 foundation-matching shades. Buildable coverage formulated to camouflage skin realities like dark circles, blemishes, and redness—but always look like skin with a dewy glowy finish.",True,2026-10-01T09:17:05+00:00
8087462052085,Stretch Balm Concealer,Medium Deep 3,https://www.glossier.com/en-lt/products/stretch-balm-concealer?variant=43957671035125,Makeup,"The same concealer you know and love, now available in 32 foundation-matching shades. Buildable coverage formulated to camouflage skin realities like dark circles, blemishes, and redness—but always look like skin with a dewy glowy finish.",True,2026-10-01T09:17:05+00:00
8087462052085,Stretch Balm Concealer,Medium Deep 2,https://www.glossier.com/en-lt/products/stretch-balm-concealer?variant=43957671067893,Makeup,"The same concealer you know and love, now available in 32 foundation-matching shades. Buildable coverage formulated to camouflage skin realities like dark circles, blemishes, and redness—but always look like skin with a dewy glowy finish.",True,2026-10-01T09:17:05+00:00
8087462052085,Stretch Balm Concealer,Medium Deep 1,https://www.glossier.com/en-lt/products/stretch-balm-concealer?variant=43957671100661,Makeup,"The same concealer you know and love, now available in 32 foundation-matching shades. Buildable coverage formulated to camouflage skin realities like dark circles, blemishes, and redness—but always look like skin with a dewy glowy finish.",True,2026-10-01T09:17:05+00:00
8087462052085,Stretch Balm Concealer,Medium Tan 5,https://www.glossier.com/en-lt/products/stretch-balm-concealer?variant=43957671133429,Makeup,"The same concealer you know and love, now available in 32 foundation-matching shades. Buildable coverage formulated to camouflage skin realities like dark circles, blemishes, and redness—but always look like skin with a dewy glowy finish.",True,2026-10-01T09:17:05+00:00
8087462052085,Stretch Balm Concealer,Medium Tan 4,https://www.glossier.com/en-lt/products/stretch-balm-concealer?variant=43957671166197,Makeup,"The same concealer you know and love, now available in 32 foundation-matching shades. Buildable coverage formulated to camouflage skin realities like dark circles, blemishes, and redness—but always look like skin with a dewy glowy finish.",True,2026-10-01T09:17:05+00:00
8087462052085,Stretch Balm Concealer,Medium Tan 3,https://www.glossier.com/en-lt/products/stretch-balm-concealer?variant=43957671198965,Makeup,"The same concealer you know and love, now available in 32 foundation-matching shades. Buildable coverage formulated to camouflage skin realities like dark circles, blemishes, and redness—but always look like skin with a dewy glowy finish.",True,2026-10-01T09:17:05+00:00
8087462052085,Stretch Balm Concealer,Medium Tan 2,https://www.glossier.com/en-lt/products/stretch-balm-concealer?variant=43957671231733,Makeup,"The same concealer you know and love, now available in 32 foundation-matching shades. Buildable coverage formulated to camouflage skin realities like dark circles, blemishes, and redness—but always look like skin with a dewy glowy finish.",False,2026-10-01T09:17:05+00:00
8087462052085,Stretch Balm Concealer,Medium Tan 1,https://www.glossier.com/en-lt/products/stretch-balm-concealer?variant=43957671264501,Makeup,"The same concealer you know and love, now available in 32 foundation-matching shades. Buildable coverage formulated to camouflage skin realities like dark circles, blemishes, and redness—but always look like skin with a dewy glowy finish.",True,2026-10-01T09:17:05+00:00
8087462052085,Stretch Balm Concealer,Medium 5,https://www.glossier.com/en-lt/products/stretch-balm-concealer?variant=43957671297269,Makeup,"The same concealer you know and love, now available in 32 foundation-matching shades. Buildable coverage formulated to camouflage skin realities like dark circles, blemishes, and redness—but always look like skin with a dewy glowy finish.",True,2026-10-01T09:17:05+00:00
8087462052085,Stretch Balm Concealer,Medium 4,https://www.glossier.com/en-lt/products/stretch-balm-concealer?variant=43957671330037,Makeup,"The same concealer you know and love, now available in 32 foundation-matching shades. Buildable coverage formulated to camouflage skin realities like dark circles, blemishes, and redness—but always look like skin with a dewy glowy finish.",True,2026-10-01T09:17:05+00:00
8087462052085,Stretch Balm Concealer,Medium 3,https://www.glossier.com/en-lt/products/stretch-balm-concealer?variant=43957671362805,Makeup,"The same concealer you know and love, now available in 32 foundation-matching shades. Buildable coverage formulated to camouflage skin realities like dark circles, blemishes, and redness—but always look like skin with a dewy glowy finish.",True,2026-10-01T09:17:05+00:00
8087462052085,Stretch Balm Concealer,Medium 2,https://www.glossier.com/en-lt/products/stretch-balm-concealer?variant=43957671395573,Makeup,"The same concealer you know and love, now available in 32 foundation-matching shades. Buildable coverage formulated to camouflage skin realities like dark circles, blemishes, and redness—but always look like skin with a dewy glowy finish.",True,2026-10-01T09:17:05+00:00
8087462052085,Stretch Balm Concealer,Medium 1,https://www.glossier.com/en-lt/products/stretch-balm-concealer?variant=43957671428341,Makeup,"The same concealer you know and love, now available in 32 foundation-matching shades. Buildable coverage formulated to camouflage skin realities like dark circles, blemishes, and redness—but always look like skin with a dewy glowy finish.",True,2026-10-01T09:17:05+00:00
8087462052085,Stretch Balm Concealer,Light 5,https://www.glossier.com/en-lt/products/stretch-balm-concealer?variant=43957671461109,Makeup,"The same concealer you know and love, now available in 32 foundation-matching shades. Buildable coverage formulated to camouflage skin realities like dark circles, blemishes, and redness—but always look like skin with a dewy glowy finish.",True,2026-10-01T09:17:05+00:00
8087462052085,Stretch Balm Concealer,Light 4,https://www.glossier.com/en-lt/products/stretch-balm-concealer?variant=43957671493877,Makeup,"The same concealer you know and love, now available in 32 foundation-matching shades. Buildable coverage formulated to camouflage skin realities like dark circles, blemishes, and redness—but always look like skin with a dewy glowy finish.",True,2026-10-01T09:17:05+00:00
8087462052085,Stretch Balm Concealer,Light 3,https://www.glossier.com/en-lt/products/stretch-balm-concealer?variant=43957671526645,Makeup,"The same concealer you know and love, now available in 32 foundation-matching shades. Buildable coverage formulated to camouflage skin realities like dark circles, blemishes, and redness—but always look like skin with a dewy glowy finish.",True,2026-10-01T09:17:05+00:00
8087462052085,Stretch Balm Concealer,Light 2,https://www.glossier.com/en-lt/products/stretch-balm-concealer?variant=43957671559413,Makeup,"The same concealer you know and love, now available in 32 foundation-matching shades. Buildable coverage formulated to camouflage skin realities like dark circles, blemishes, and redness—but always look like skin with a dewy glowy finish.",True,2026-10-01T09:17:05+00:00
8087462052085,Stretch Balm Concealer,Light 1,https://www.glossier.com/en-lt/products/stretch-balm-concealer?variant=43957671592181,Makeup,"The same concealer you know and love, now available in 32 foundation-matching shades. Buildable coverage formulated to camouflage skin realities like dark circles, blemishes, and redness—but always look like skin with a dewy glowy finish.",True,2026-10-01T09:17:05+00:00
8087462052085,Stretch Balm Concealer,Very Light 4,https://www.glossier.com/en-lt/products/stretch-balm-concealer?variant=43957671624949,Makeup,"The same concealer you know and love, now available in 32 foundation-matching shades. Buildable coverage formulated to camouflage skin realities like dark circles, blemishes, and redness—but always look like skin with a dewy glowy finish.",True,2026-10-01T09:17:05+00:00
8087462052085,Stretch Balm Concealer,Very Light 3,https://www.glossier.com/en-lt/products/stretch-balm-concealer?variant=43957671657717,Makeup,"The same concealer you know and love, now available in 32 foundation-matching shades. Buildable coverage formulated to camouflage skin realities like dark circles, blemishes, and redness—but always look like skin with a dewy glowy finish.",True,2026-10-01T09:17:05+00:00
8087462052085,Stretch Balm Concealer,Very Light 2,https://www.glossier.com/en-lt/products/stretch-balm-concealer?variant=43957671690485,Makeup,"The same concealer you know and love, now available in 32 foundation-matching shades. Buildable coverage formulated to camouflage skin realities like dark circles, blemishes, and redness—but always look like skin with a dewy glowy finish.",True,2026-10-01T09:17:05+00:00
8087462052085,Stretch Balm Concealer,Very Light 1,https://www.glossier.com/en-lt/products/stretch-balm-concealer?variant=43957671723253,Makeup,"The same concealer you know and love, now available in 32 foundation-matching shades. Buildable coverage formulated to camouflage skin realities like dark circles, blemishes, and redness—but always look like skin with a dewy glowy finish.",True,2026-10-01T09:17:05+00:00
8075554783477,Stretch Fluid Foundation,Very Deep 4,https://www.glossier.com/en-lt/products/stretch-fluid-foundation?variant=43936720847093,Makeup,"An 89% skincare-based, gel-cream foundation that leaves skin looking moisturized with a natural-to-you finish. Formulated to fuse with skin (never cake on-top), to blend seamlessly and wear up to 12 hours.",True,2026-10-01T09:17:06+00:00
8075554783477,Stretch Fluid Foundation,Very Deep 3,https://www.glossier.com/en-lt/products/stretch-fluid-foundation?variant=43936720879861,Makeup,"An 89% skincare-based, gel-cream foundation that leaves skin looking moisturized with a natural-to-you finish. Formulated to fuse with skin (never cake on-top), to blend seamlessly and wear up to 12 hours.",True,2026-10-01T09:17:06+00:00
8075554783477,Stretch Fluid Foundation,Very Deep 2,https://www.glossier.com/en-lt/products/stretch-fluid-foundation?variant=43936720912629,Makeup,"An 89% skincare-based, gel-cream foundation that leaves skin looking moisturized with a natural-to-you finish. Formulated to fuse with skin (never cake on-top), to blend seamlessly and wear up to 12 hours.",True,2026-10-01T09:17:06+00:00
8075554783477,Stretch Fluid Foundation,Very Deep 1,https://www.glossier.com/en-lt/products/stretch-fluid-foundation?variant=43936720945397,Makeup,"An 89% skincare-based, gel-cream foundation that leaves skin looking moisturized with a natural-to-you finish. Formulated to fuse with skin (never cake on-top), to blend seamlessly and wear up to 12 hours.",True,2026-10-01T09:17:06+00:00
8075554783477,Stretch Fluid Foundation,Deep 5,https://www.glossier.com/en-lt/products/stretch-fluid-foundation?variant=43936720978165,Makeup,"An 89% skincare-based, gel-cream foundation that leaves skin looking moisturized with a natural-to-you finish. Formulated to fuse with skin (never cake on-top), to blend seamlessly and wear up to 12 hours.",True,2026-10-01T09:17:06+00:00
8075554783477,Stretch Fluid Foundation,Deep 4,https://www.glossier.com/en-lt/products/stretch-fluid-foundation?variant=43936721010933,Makeup,"An 89% skincare-based, gel-cream foundation that leaves skin looking moisturized with a natural-to-you finish. Formulated to fuse with skin (never cake on-top), to blend seamlessly and wear up to 12 hours.",True,2026-10-01T09:17:06+00:00
8075554783477,Stretch Fluid Foundation,Deep 3,https://www.glossier.com/en-lt/products/stretch-fluid-foundation?variant=43936721043701,Makeup,"An 89% skincare-based, gel-cream foundation that leaves skin looking moisturized with a natural-to-you finish. Formulated to fuse with skin (never cake on-top), to blend seamlessly and wear up to 12 hours.",True,2026-10-01T09:17:06+00:00
8075554783477,Stretch Fluid Foundation,Deep 2,https://www.glossier.com/en-lt/products/stretch-fluid-foundation?variant=43936721076469,Makeup,"An 89% skincare-based, gel-cream foundation that leaves skin looking moisturized with a natural-to-you finish. Formulated to fuse with skin (never cake on-top), to blend seamlessly and wear up to 12 hours.",True,2026-10-01T09:17:06+00:00
8075554783477,Stretch Fluid Foundation,Deep 1,https://www.glossier.com/en-lt/products/stretch-fluid-foundation?variant=43936721109237,Makeup,"An 89% skincare-based, gel-cream foundation that leaves skin looking moisturized with a natural-to-you finish. Formulated to fuse with skin (never cake on-top), to blend seamlessly and wear up to 12 hours.",True,2026-10-01T09:17:06+00:00
8075554783477,Stretch Fluid Foundation,Medium Deep 4,https://www.glossier.com/en-lt/products/stretch-fluid-foundation?variant=43936721142005,Makeup,"An 89% skincare-based, gel-cream foundation that leaves skin looking moisturized with a natural-to-you finish. Formulated to fuse with skin (never cake on-top), to blend seamlessly and wear up to 12 hours.",True,2026-10-01T09:17:06+00:00
8075554783477,Stretch Fluid Foundation,Medium Deep 3,https://www.glossier.com/en-lt/products/stretch-fluid-foundation?variant=43936721174773,Makeup,"An 89% skincare-based, gel-cream foundation that leaves skin looking moisturized with a natural-to-you finish. Formulated to fuse with skin (never cake on-top), to blend seamlessly and wear up to 12 hours.",True,2026-10-01T09:17:06+00:00
8075554783477,Stretch Fluid Foundation,Medium Deep 2,https://www.glossier.com/en-lt/products/stretch-fluid-foundation?variant=43936721207541,Makeup,"An 89% skincare-based, gel-cream foundation that leaves skin looking moisturized with a natural-to-you finish. Formulated to fuse with skin (never cake on-top), to blend seamlessly and wear up to 12 hours.",True,2026-10-01T09:17:06+00:00
8075554783477,Stretch Fluid Foundation,Medium Deep 1,https://www.glossier.com/en-lt/products/stretch-fluid-foundation?variant=43936721240309,Makeup,"An 89% skincare-based, gel-cream foundation that leaves skin looking moisturized with a natural-to-you finish. Formulated to fuse with skin (never cake on-top), to blend seamlessly and wear up to 12 hours.",True,2026-10-01T09:17:06+00:00
8075554783477,Stretch Fluid Foundation,Medium Tan 5,https://www.glossier.com/en-lt/products/stretch-fluid-foundation?variant=43936721273077,Makeup,"An 89% skincare-based, gel-cream foundation that leaves skin looking moisturized with a natural-to-you finish. Formulated to fuse with skin (never cake on-top), to blend seamlessly and wear up to 12 hours.",True,2026-10-01T09:17:06+00:00
8075554783477,Stretch Fluid Foundation,Medium Tan 4,https://www.glossier.com/en-lt/products/stretch-fluid-foundation?variant=43936721305845,Makeup,"An 89% skincare-based, gel-cream foundation that leaves skin looking moisturized with a natural-to-you finish. Formulated to fuse with skin (never cake on-top), to blend seamlessly and wear up to 12 hours.",True,2026-10-01T09:17:06+00:00
8075554783477,Stretch Fluid Foundation,Medium Tan 3,https://www.glossier.com/en-lt/products/stretch-fluid-foundation?variant=43936721338613,Makeup,"An 89% skincare-based, gel-cream foundation that leaves skin looking moisturized with a natural-to-you finish. Formulated to fuse with skin (never cake on-top), to blend seamlessly and wear up to 12 hours.",True,2026-10-01T09:17:06+00:00
8075554783477,Stretch Fluid Foundation,Medium Tan 2,https://www.glossier.com/en-lt/products/stretch-fluid-foundation?variant=43936721371381,Makeup,"An 89% skincare-based, gel-cream foundation that leaves skin looking moisturized with a natural-to-you finish. Formulated to fuse with skin (never cake on-top), to blend seamlessly and wear up to 12 hours.",True,2026-10-01T09:17:06+00:00
8075554783477,Stretch Fluid Foundation,Medium Tan 1,https://www.glossier.com/en-lt/products/stretch-fluid-foundation?variant=43936721404149,Makeup,"An 89% skincare-based, gel-cream foundation that leaves skin looking moisturized with a natural-to-you finish. Formulated to fuse with skin (never cake on-top), to blend seamlessly and wear up to 12 hours.",True,2026-10-01T09:17:06+00:00
8075554783477,Stretch Fluid Foundation,Medium 5,https://www.glossier.com/en-lt/products/stretch-fluid-foundation?variant=43936721436917,Makeup,"An 89% skincare-based, gel-cream foundation that leaves skin looking moisturized with a natural-to-you finish. Formulated to fuse with skin (never cake on-top), to blend seamlessly and wear up to 12 hours.",True,2026-10-01T09:17:06+00:00
8075554783477,Stretch Fluid Foundation,Medium 4,https://www.glossier.com/en-lt/products/stretch-fluid-foundation?variant=43936721469685,Makeup,"An 89% skincare-based, gel-cream foundation that leaves skin looking moisturized with a natural-to-you finish. Formulated to fuse with skin (never cake on-top), to blend seamlessly and wear up to 12 hours.",True,2026-10-01T09:17:06+00:00
8075554783477,Stretch Fluid Foundation,Medium 3,https://www.glossier.com/en-lt/products/stretch-fluid-foundation?variant=43936721502453,Makeup,"An 89% skincare-based, gel-cream foundation that leaves skin looking moisturized with a natural-to-you finish. Formulated to fuse with skin (never cake on-top), to blend seamlessly and wear up to 12 hours.",True,2026-10-01T09:17:06+00:00
8075554783477,Stretch Fluid Foundation,Medium 2,https://www.glossier.com/en-lt/products/stretch-fluid-foundation?variant=43936721535221,Makeup,"An 89% skincare-based, gel-cream foundation that leaves skin looking moisturized with a natural-to-you finish. Formulated to fuse with skin (never cake on-top), to blend seamlessly and wear up to 12 hours.",True,2026-10-01T09:17:06+00:00
8075554783477,Stretch Fluid Foundation,Medium 1,https://www.glossier.com/en-lt/products/stretch-fluid-foundation?variant=43936721567989,Makeup,"An 89% skincare-based, gel-cream foundation that leaves skin looking moisturized with a natural-to-you finish. Formulated to fuse with skin (never cake on-top), to blend seamlessly and wear up to 12 hours.",True,2026-10-01T09:17:06+00:00
8075554783477,Stretch Fluid Foundation,Light 5,https://www.glossier.com/en-lt/products/stretch-fluid-foundation?variant=43936721600757,Makeup,"An 89% skincare-based, gel-cream foundation that leaves skin looking moisturized with a natural-to-you finish. Formulated to fuse with skin (never cake on-top), to blend seamlessly and wear up to 12 hours.",True,2026-10-01T09:17:06+00:00
8075554783477,Stretch Fluid Foundation,Light 4,https://www.glossier.com/en-lt/products/stretch-fluid-foundation?variant=43936721633525,Makeup,"An 89% skincare-based, gel-cream foundation that leaves skin looking moisturized with a natural-to-you finish. Formulated to fuse with skin (never cake on-top), to blend seamlessly and wear up to 12 hours.",True,2026-10-01T09:17:06+00:00
8075554783477,Stretch Fluid Foundation,Light 3,https://www.glossier.com/en-lt/products/stretch-fluid-foundation?variant=43936721666293,Makeup,"An 89% skincare-based, gel-cream foundation that leaves skin looking moisturized with a natural-to-you finish. Formulated to fuse with skin (never cake on-top), to blend seamlessly and wear up to 12 hours.",True,2026-10-01T09:17:06+00:00
8075554783477,Stretch Fluid Foundation,Light 2,https://www.glossier.com/en-lt/products/stretch-fluid-foundation?variant=43936721699061,Makeup,"An 89% skincare-based, gel-cream foundation that leaves skin looking moisturized with a natural-to-you finish. Formulated to fuse with skin (never cake on-top), to blend seamlessly and wear up to 12 hours.",True,2026-10-01T09:17:06+00:00
8075554783477,Stretch Fluid Foundation,Light 1,https://www.glossier.com/en-lt/products/stretch-fluid-foundation?variant=43936721731829,Makeup,"An 89% skincare-based, gel-cream foundation that leaves skin looking moisturized with a natural-to-you finish. Formulated to fuse with skin (never cake on-top), to blend seamlessly and wear up to 12 hours.",True,2026-10-01T09:17:06+00:00
8075554783477,Stretch Fluid Foundation,Very Light 4,https://www.glossier.com/en-lt/products/stretch-fluid-foundation?variant=43936721764597,Makeup,"An 89% skincare-based, gel-cream foundation that leaves skin looking moisturized with a natural-to-you finish. Formulated to fuse with skin (never cake on-top), to blend seamlessly and wear up to 12 hours.",True,2026-10-01T09:17:06+00:00
8075554783477,Stretch Fluid Foundation,Very Light 3,https://www.glossier.com/en-lt/products/stretch-fluid-foundation?variant=43936721797365,Makeup,"An 89% skincare-based, gel-cream foundation that leaves skin looking moisturized with a natural-to-you finish. Formulated to fuse with skin (never cake on-top), to blend seamlessly and wear up to 12 hours.",True,2026-10-01T09:17:06+00:00
8075554783477,Stretch Fluid Foundation,Very Light 2,https://www.glossier.com/en-lt/products/stretch-fluid-foundation?variant=43936721830133,Makeup,"An 89% skincare-based, gel-cream foundation that leaves skin looking moisturized with a natural-to-you finish. Formulated to fuse with skin (never cake on-top), to blend seamlessly and wear up to 12 hours.",True,2026-10-01T09:17:06+00:00
8075554783477,Stretch Fluid Foundation,Very Light 1,https://www.glossier.com/en-lt/products/stretch-fluid-foundation?variant=43936721862901,Makeup,"An 89% skincare-based, gel-cream foundation that leaves skin looking moisturized with a natural-to-you finish. Formulated to fuse with skin (never cake on-top), to blend seamlessly and wear up to 12 hours.",True,2026-10-01T09:17:06+00:00
8771481239797,Crème de You,,https://www.glossier.com/en-lt/products/creme-de-you?variant=45775013544181,Fragrance,"Our iconic Glossier You fragrance, now in a fast absorbing, luxurious body crème with a soft, silky, delicately scented finish.",True,2026-10-01T09:17:07+00:00
8280100143349,Mini Beauty Bag,Pink,https://www.glossier.com/en-lt/products/mini-beauty-bag?variant=44587239178485,Merch,"Small but mighty, this beloved bag keeps all your can’t-leave-home-without-them essentials within reach. With one main compartment and a zipper closure, the Mini Beauty Bag allows you to experience the convenience of our classic Beauty Bag wherever you may go. Now in two fun colors—iconic red and soft pink.",True,2026-10-01T09:17:07+00:00
8280100143349,Mini Beauty Bag,Red,https://www.glossier.com/en-lt/products/mini-beauty-bag?variant=44587239211253,Merch,"Small but mighty, this beloved bag keeps all your can’t-leave-home-without-them essentials within reach. With one main compartment and a zipper closure, the Mini Beauty Bag allows you to experience the convenience of our classic Beauty Bag wherever you may go. Now in two fun colors—iconic red and soft pink.",True,2026-10-01T09:17:07+00:00
8035305881845,The Beauty Bag,,https://www.glossier.com/en-lt/products/the-beauty-bag?variant=43781982978293,Merch,"This bag is the ultimate home for your beauty routine. It’s tall enough to fit all of your essentials (even full-size skincare!), but still easily slips into your tote. The coated cotton material means you won’t have to worry about spills or splashes, with a removable snap-button interior pouch, and plenty of extra pockets to keep you organized—so you’re never stuck digging for your favorite products.",True,2026-10-01T09:17:08+00:00
9677630636277,Errand Bag,,https://www.glossier.com/en-lt/products/errand-bag?variant=48159589826805,Merch,"Long day ahead? We’ve got you covered. This roomy, super durable limited edition woven tote is ready for wherever the day takes you—planned or not. With a spacious body, a handy pocket for your essentials, and Glossier Pink branded straps in two sizes, it’s built for grocery runs, laundry days, park hangs, those “I’ll just swing by for a minute” plans that turn into staying out way too late!",False,2026-10-01T09:17:11+00:00
8781157761269,Lip Gloss,Pink,https://www.glossier.com/en-lt/products/lip-gloss?variant=45798167675125,Makeup,A comfortable lip gloss with a glassy finish and just the right amount of sticky. The applicator delivers instant shine with one swipe.,True,2026-10-01T09:17:12+00:00
8781157761269,Lip Gloss,Brown,https://www.glossier.com/en-lt/products/lip-gloss?variant=45798167707893,Makeup,A comfortable lip gloss with a glassy finish and just the right amount of sticky. The applicator delivers instant shine with one swipe.,True,2026-10-01T09:17:12+00:00
8781157761269,Lip Gloss,Bronze,https://www.glossier.com/en-lt/products/lip-gloss?variant=45798167740661,Makeup,A comfortable lip gloss with a glassy finish and just the right amount of sticky. The applicator delivers instant shine with one swipe.,True,2026-10-01T09:17:12+00:00
8781157761269,Lip Gloss,Clear,https://www.glossier.com/en-lt/products/lip-gloss?variant=45798162628853,Makeup,A comfortable lip gloss with a glassy finish and just the right amount of sticky. The applicator delivers instant shine with one swipe.,True,2026-10-01T09:17:12+00:00
8781157761269,Lip Gloss,Holographic,https://www.glossier.com/en-lt/products/lip-gloss?variant=45798162661621,Makeup,A comfortable lip gloss with a glassy finish and just the right amount of sticky. The applicator delivers instant shine with one swipe.,True,2026-10-01T09:17:12+00:00
8781157761269,Lip Gloss,Red,https://www.glossier.com/en-lt/products/lip-gloss?variant=45798162694389,Makeup,A comfortable lip gloss with a glassy finish and just the right amount of sticky. The applicator delivers instant shine with one swipe.,True,2026-10-01T09:17:12+00:00
8703842156789,Boy Brow Arch,Black,https://www.glossier.com/en-lt/products/boy-brow-arch?variant=45591166353653,Makeup,Shape and define brows with a 2-in-1 custom tip shape offering a precision edge for hair-like flicks and flat edge to fill sparse areas.,True,2026-10-01T09:17:15+00:00
8703842156789,Boy Brow Arch,Cool Dark Brown,https://www.glossier.com/en-lt/products/boy-brow-arch?variant=45591166583029,Makeup,Shape and define brows with a 2-in-1 custom tip shape offering a precision edge for hair-like flicks and flat edge to fill sparse areas.,True,2026-10-01T09:17:15+00:00
8703842156789,Boy Brow Arch,Warm Dark Brown,https://www.glossier.com/en-lt/products/boy-brow-arch?variant=45591166550261,Makeup,Shape and define brows with a 2-in-1 custom tip shape offering a precision edge for hair-like flicks and flat edge to fill sparse areas.,True,2026-10-01T09:17:15+00:00
8703842156789,Boy Brow Arch,Cool Brown,https://www.glossier.com/en-lt/products/boy-brow-arch?variant=45591166484725,Makeup,Shape and define brows with a 2-in-1 custom tip shape offering a precision edge for hair-like flicks and flat edge to fill sparse areas.,True,2026-10-01T09:17:15+00:00
8703842156789,Boy Brow Arch,Warm Brown,https://www.glossier.com/en-lt/products/boy-brow-arch?variant=45591166517493,Makeup,Shape and define brows with a 2-in-1 custom tip shape offering a precision edge for hair-like flicks and flat edge to fill sparse areas.,True,2026-10-01T09:17:15+00:00
8703842156789,Boy Brow Arch,Auburn,https://www.glossier.com/en-lt/products/boy-brow-arch?variant=45591166320885,Makeup,Shape and define brows with a 2-in-1 custom tip shape offering a precision edge for hair-like flicks and flat edge to fill sparse areas.,True,2026-10-01T09:17:15+00:00
8703842156789,Boy Brow Arch,Cool Blond,https://www.glossier.com/en-lt/products/boy-brow-arch?variant=45591166451957,Makeup,Shape and define brows with a 2-in-1 custom tip shape offering a precision edge for hair-like flicks and flat edge to fill sparse areas.,True,2026-10-01T09:17:15+00:00
8703842156789,Boy Brow Arch,Warm Blond,https://www.glossier.com/en-lt/products/boy-brow-arch?variant=45591166419189,Makeup,Shape and define brows with a 2-in-1 custom tip shape offering a precision edge for hair-like flicks and flat edge to fill sparse areas.,True,2026-10-01T09:17:15+00:00
8703842156789,Boy Brow Arch,Grey,https://www.glossier.com/en-lt/products/boy-brow-arch?variant=45591166386421,Makeup,Shape and define brows with a 2-in-1 custom tip shape offering a precision edge for hair-like flicks and flat edge to fill sparse areas.,True,2026-10-01T09:17:15+00:00
9349787418869,Hand Cream,Glossier You,https://www.glossier.com/en-lt/products/hand-cream?variant=47045518524661,Body,"A supercharged cream that helps you keep moisture on hand. The palm-sized pod with a 360º easy-to-squeeze curve and click-to-close cap makes moisturizing on the go quick and convenient, while securing against spills. The fast-absorbing formula nourishes dry skin without ever getting greasy and uses a “second skin” matrix to lock in moisture.",True,2026-10-01T09:17:16+00:00
9349787418869,Hand Cream,Sandstone,https://www.glossier.com/en-lt/products/hand-cream?variant=47045518590197,Body,"A supercharged cream that helps you keep moisture on hand. The palm-sized pod with a 360º easy-to-squeeze curve and click-to-close cap makes moisturizing on the go quick and convenient, while securing against spills. The fast-absorbing formula nourishes dry skin without ever getting greasy and uses a “second skin” matrix to lock in moisture.",True,2026-10-01T09:17:16+00:00
9349787418869,Hand Cream,Orange Blossom Neroli,https://www.glossier.com/en-lt/products/hand-cream?variant=47045518557429,Body,"A supercharged cream that helps you keep moisture on hand. The palm-sized pod with a 360º easy-to-squeeze curve and click-to-close cap makes moisturizing on the go quick and convenient, while securing against spills. The fast-absorbing formula nourishes dry skin without ever getting greasy and uses a “second skin” matrix to lock in moisture.",False,2026-10-01T09:17:16+00:00
9349787418869,Hand Cream,Lilyhaze,https://www.glossier.com/en-lt/products/hand-cream?variant=47045518622965,Body,"A supercharged cream that helps you keep moisture on hand. The palm-sized pod with a 360º easy-to-squeeze curve and click-to-close cap makes moisturizing on the go quick and convenient, while securing against spills. The fast-absorbing formula nourishes dry skin without ever getting greasy and uses a “second skin” matrix to lock in moisture.",False,2026-10-01T09:17:16+00:00
8196948459765,Glossier Candles,Glossier You,https://www.glossier.com/en-lt/products/glossier-candle?variant=44207176417525,Fragrance,"Light up and wind down with some of our signature Glossier scents. Made with a vegan, non-paraffin wax blend of soy and coconut, our candles have a burn time of up to 45 hours. The best part? Once it’s burnt through, you can reuse the glass vessel to store makeup, pencils or whatever your heart desires!",True,2026-10-01T09:17:18+00:00
8196948459765,Glossier Candles,Orange Blossom Neroli,https://www.glossier.com/en-lt/products/glossier-candle?variant=44207176450293,Fragrance,"Light up and wind down with some of our signature Glossier scents. Made with a vegan, non-paraffin wax blend of soy and coconut, our candles have a burn time of up to 45 hours. The best part? Once it’s burnt through, you can reuse the glass vessel to store makeup, pencils or whatever your heart desires!",True,2026-10-01T09:17:18+00:00
8196948459765,Glossier Candles,Sandstone,https://www.glossier.com/en-lt/products/glossier-candle?variant=44207181365493,Fragrance,"Light up and wind down with some of our signature Glossier scents. Made with a vegan, non-paraffin wax blend of soy and coconut, our candles have a burn time of up to 45 hours. The best part? Once it’s burnt through, you can reuse the glass vessel to store makeup, pencils or whatever your heart desires!",False,2026-10-01T09:17:18+00:00
8196948459765,Glossier Candles,Lilyhaze,https://www.glossier.com/en-lt/products/glossier-candle?variant=47047567868149,Fragrance,"Light up and wind down with some of our signature Glossier scents. Made with a vegan, non-paraffin wax blend of soy and coconut, our candles have a burn time of up to 45 hours. The best part? Once it’s burnt through, you can reuse the glass vessel to store makeup, pencils or whatever your heart desires!",True,2026-10-01T09:17:18+00:00
8197538709749,Generation G,Cake,https://www.glossier.com/en-lt/products/generation-g?variant=44209550557429,Makeup,"A fragrance-free, buildable, sheer-matte lipstick with a perfectly diffused flush of color. Inspired by the makeup artist trick of blotting lipstick after application, one swipe glides on smooth and even (no mirror needed!) for a buildable, soft-edged, just-kissed look. Give your natural lips a little something extra, with shades Malt, Fuzz, Cake, and Leo, or go for vivid Punch, Zip, Jam and Crush to really grab the attention.",True,2026-10-01T09:17:19+00:00
8197538709749,Generation G,Like,https://www.glossier.com/en-lt/products/generation-g?variant=44209550622965,Makeup,"A fragrance-free, buildable, sheer-matte lipstick with a perfectly diffused flush of color. Inspired by the makeup artist trick of blotting lipstick after application, one swipe glides on smooth and even (no mirror needed!) for a buildable, soft-edged, just-kissed look. Give your natural lips a little something extra, with shades Malt, Fuzz, Cake, and Leo, or go for vivid Punch, Zip, Jam and Crush to really grab the attention.",True,2026-10-01T09:17:19+00:00
8197538709749,Generation G,Zip,https://www.glossier.com/en-lt/products/generation-g?variant=44209550655733,Makeup,"A fragrance-free, buildable, sheer-matte lipstick with a perfectly diffused flush of color. Inspired by the makeup artist trick of blotting lipstick after application, one swipe glides on smooth and even (no mirror needed!) for a buildable, soft-edged, just-kissed look. Give your natural lips a little something extra, with shades Malt, Fuzz, Cake, and Leo, or go for vivid Punch, Zip, Jam and Crush to really grab the attention.",True,2026-10-01T09:17:19+00:00
8197538709749,Generation G,Leo,https://www.glossier.com/en-lt/products/generation-g?variant=44209550688501,Makeup,"A fragrance-free, buildable, sheer-matte lipstick with a perfectly diffused flush of color. Inspired by the makeup artist trick of blotting lipstick after application, one swipe glides on smooth and even (no mirror needed!) for a buildable, soft-edged, just-kissed look. Give your natural lips a little something extra, with shades Malt, Fuzz, Cake, and Leo, or go for vivid Punch, Zip, Jam and Crush to really grab the attention.",True,2026-10-01T09:17:19+00:00
8197538709749,Generation G,Jam,https://www.glossier.com/en-lt/products/generation-g?variant=44209550721269,Makeup,"A fragrance-free, buildable, sheer-matte lipstick with a perfectly diffused flush of color. Inspired by the makeup artist trick of blotting lipstick after application, one swipe glides on smooth and even (no mirror needed!) for a buildable, soft-edged, just-kissed look. Give your natural lips a little something extra, with shades Malt, Fuzz, Cake, and Leo, or go for vivid Punch, Zip, Jam and Crush to really grab the attention.",True,2026-10-01T09:17:19+00:00
8197538709749,Generation G,Crush,https://www.glossier.com/en-lt/products/generation-g?variant=44209550590197,Makeup,"A fragrance-free, buildable, sheer-matte lipstick with a perfectly diffused flush of color. Inspired by the makeup artist trick of blotting lipstick after application, one swipe glides on smooth and even (no mirror needed!) for a buildable, soft-edged, just-kissed look. Give your natural lips a little something extra, with shades Malt, Fuzz, Cake, and Leo, or go for vivid Punch, Zip, Jam and Crush to really grab the attention.",True,2026-10-01T09:17:19+00:00
8197538709749,Generation G,Punch,https://www.glossier.com/en-lt/products/generation-g?variant=44209550754037,Makeup,"A fragrance-free, buildable, sheer-matte lipstick with a perfectly diffused flush of color. Inspired by the makeup artist trick of blotting lipstick after application, one swipe glides on smooth and even (no mirror needed!) for a buildable, soft-edged, just-kissed look. Give your natural lips a little something extra, with shades Malt, Fuzz, Cake, and Leo, or go for vivid Punch, Zip, Jam and Crush to really grab the attention.",True,2026-10-01T09:17:19+00:00
9017577963765,Lip Glaze,Melty,https://www.glossier.com/en-lt/products/lip-glaze?variant=46378215670005,Makeup,"A refreshing everyday essential for a sheer-glaze of color and lightweight, non-sticky shine. Its nourishing formula melts instantly on the lips, delivering long-lasting care and up to 12-hour hydration for smoother-looking lips. Wear it on its own or layered with your favorite lip products.",True,2026-10-01T09:17:20+00:00
9017577963765,Lip Glaze,Creamy,https://www.glossier.com/en-lt/products/lip-glaze?variant=46378215637237,Makeup,"A refreshing everyday essential for a sheer-glaze of color and lightweight, non-sticky shine. Its nourishing formula melts instantly on the lips, delivering long-lasting care and up to 12-hour hydration for smoother-looking lips. Wear it on its own or layered with your favorite lip products.",True,2026-10-01T09:17:20+00:00
9017577963765,Lip Glaze,Tangy,https://www.glossier.com/en-lt/products/lip-glaze?variant=46378215604469,Makeup,"A refreshing everyday essential for a sheer-glaze of color and lightweight, non-sticky shine. Its nourishing formula melts instantly on the lips, delivering long-lasting care and up to 12-hour hydration for smoother-looking lips. Wear it on its own or layered with your favorite lip products.",True,2026-10-01T09:17:20+00:00
9017577963765,Lip Glaze,Chilly,https://www.glossier.com/en-lt/products/lip-glaze?variant=46378215571701,Makeup,"A refreshing everyday essential for a sheer-glaze of color and lightweight, non-sticky shine. Its nourishing formula melts instantly on the lips, delivering long-lasting care and up to 12-hour hydration for smoother-looking lips. Wear it on its own or layered with your favorite lip products.",True,2026-10-01T09:17:20+00:00
9017577963765,Lip Glaze,Frosty,https://www.glossier.com/en-lt/products/lip-glaze?variant=46378215538933,Makeup,"A refreshing everyday essential for a sheer-glaze of color and lightweight, non-sticky shine. Its nourishing formula melts instantly on the lips, delivering long-lasting care and up to 12-hour hydration for smoother-looking lips. Wear it on its own or layered with your favorite lip products.",True,2026-10-01T09:17:20+00:00
9017577963765,Lip Glaze,Icy,https://www.glossier.com/en-lt/products/lip-glaze?variant=46378215506165,Makeup,"A refreshing everyday essential for a sheer-glaze of color and lightweight, non-sticky shine. Its nourishing formula melts instantly on the lips, delivering long-lasting care and up to 12-hour hydration for smoother-looking lips. Wear it on its own or layered with your favorite lip products.",True,2026-10-01T09:17:20+00:00
8255678841077,After Baume,50 mL,https://www.glossier.com/en-lt/products/glossier-after-baume?variant=44416231604469,Skincare,"A daily moisture barrier recovery cream perfect for very dry and/or sensitive skin. The buttery, cocooning cream formulated with plant-based moisture magnets, Glycerin and Cupuaçu Butter, helps dry skin bounce back and lock in hydration for up to 24 hours.",True,2026-10-01T09:17:24+00:00
8255678841077,After Baume,125 mL,https://www.glossier.com/en-lt/products/glossier-after-baume?variant=44416231637237,Skincare,"A daily moisture barrier recovery cream perfect for very dry and/or sensitive skin. The buttery, cocooning cream formulated with plant-based moisture magnets, Glycerin and Cupuaçu Butter, helps dry skin bounce back and lock in hydration for up to 24 hours.",False,2026-10-01T09:17:24+00:00
8255678841077,After Baume,15 mL,https://www.glossier.com/en-lt/products/glossier-after-baume?variant=45923610329333,Skincare,"A daily moisture barrier recovery cream perfect for very dry and/or sensitive skin. The buttery, cocooning cream formulated with plant-based moisture magnets, Glycerin and Cupuaçu Butter, helps dry skin bounce back and lock in hydration for up to 24 hours.",False,2026-10-01T09:17:24+00:00
8035305980149,Body Hero Dry-Touch Oil Mist,,https://www.glossier.com/en-lt/products/body-hero-dry-touch-oil-mist?variant=43781983043829,Body,"Escape into luxury with the Body Hero you love, in a transportive dry-touch mist. With an intoxicating Orange Blossom Neroli scent, this ultra-fine body oil packed with Sea Fennel Extract and a blend of three antioxidant-rich oils—Sunflower Seed, Grapeseed, and Oat—instantly moisturizes while smoothing and evening skin tone and improving all over radiance. The formula absorbs fast with zero residue, stickiness, or awkward naked dry-down time (so you can put your clothes on quicker). Plus, the sparkling, subtle aroma lingers just enough for that just-got-back-from vacation scent and glow.",True,2026-10-01T09:17:25+00:00
9677642465525,You Look Good Leash,,https://www.glossier.com/en-lt/products/you-look-good-leash?variant=48159609782517,Merch,"Designed to match our You Look Good Collar, this sturdy limited edition essential is made for your furry friend’s favorite part of the day: the walk. Equipped with a D-ring for your waste bag dispenser, it’s wrapped in an all-over “You Look Good” mantra print—bringing a little extra cheer to every step, sniff and stop along the way. Because they lead the way, you just come prepared!",True,2026-10-01T09:17:28+00:00
9677651181813,You Look Good Collar,S,https://www.glossier.com/en-lt/products/you-look-good-collar?variant=48159638880501,Merch,"Designed to match our You Look Good Leash, this stylish, sturdy, and adjustable limited edition collar is made for the dog (or cat!) you love doing life with. Wrapped in an all-over“You Look Good” mantra print, it brings a little extra charm to their daily lives—at home, on the couch and out in the world. Finished with a secure-locking buckle for peace of mind, so they can do their thing and you don’t have to think twice about it.",True,2026-10-01T09:17:30+00:00
9677651181813,You Look Good Collar,M,https://www.glossier.com/en-lt/products/you-look-good-collar?variant=48159638913269,Merch,"Designed to match our You Look Good Leash, this stylish, sturdy, and adjustable limited edition collar is made for the dog (or cat!) you love doing life with. Wrapped in an all-over“You Look Good” mantra print, it brings a little extra charm to their daily lives—at home, on the couch and out in the world. Finished with a secure-locking buckle for peace of mind, so they can do their thing and you don’t have to think twice about it.",True,2026-10-01T09:17:30+00:00
9677651181813,You Look Good Collar,L,https://www.glossier.com/en-lt/products/you-look-good-collar?variant=48159638946037,Merch,"Designed to match our You Look Good Leash, this stylish, sturdy, and adjustable limited edition collar is made for the dog (or cat!) you love doing life with. Wrapped in an all-over“You Look Good” mantra print, it brings a little extra charm to their daily lives—at home, on the couch and out in the world. Finished with a secure-locking buckle for peace of mind, so they can do their thing and you don’t have to think twice about it.",True,2026-10-01T09:17:30+00:00
9677678936309,Pet Waste Bag Dispenser,,https://www.glossier.com/en-lt/products/pet-waste-bag-dispenser?variant=48159661490421,Merch,"We’ve officially upgraded the least glamorous part of pet parenting! Meet our first-ever limited edition pet waste bag dispenser. Designed for the reality that keeping things clean is part of the (puppy) love. Adorned with our signature G-logo, this Sunset Pink accessory clips to our You Look Good Leash and fits our Smile Wave Pet Waste Bags perfectly.",True,2026-10-01T09:17:31+00:00
9677686636789,Smile Wave Pet Waste Bags,,https://www.glossier.com/en-lt/products/smile-wave-pet-waste-bags?variant=48159711690997,Merch,"A cute companion to our Pet Bag Dispenser, this stylish limited edition roll of unscented Glossier pink pet waste bags features our iconic Smile Wave Icon and Glossier logo. Not glamorous, but absolutely necessary—these easy-tear bags are here for the “oh okay, we’re doing this now” moments. Compact, reliable, and always ready when your dog decides it’s time!",True,2026-10-01T09:17:32+00:00
8035305390325,Glossier You Solid,,https://www.glossier.com/en-lt/products/glossier-you-solid?variant=43781982257397,Fragrance,"Glossier You, the ultimate personal fragrance, in the ultimate personal format—a refillable, pocket and travel-friendly, solid compact. The solid formula is softer and more intimate, with an alcohol-free, anhydrous wax base that quite literally melts into skin and holds the fragrance close, almost like it’s a part of you. Instead of being surrounded by a cloud of scent, you get friendly reminders throughout the day when you catch a whiff of your wrist or neck of your sweater—creamy, warm, sparkling notes of ambrox, ambrette, musk, iris root and pink pepper.",False,2026-10-01T09:17:34+00:00
9089546780917,Body Spritz,Orange Blossom Neroli,https://www.glossier.com/en-lt/products/body-spritz?variant=46579394117877,Fragrance,"A playful, sheer fragranced hair and body mist designed to be experimented with, layered, and spritzed throughout the day as a quick scent escape and refresh. Available in three iconic scents. Please note: Lilyhaze Body Spritz is intended for use on the body only.",True,2026-10-01T09:17:35+00:00
9089546780917,Body Spritz,Sandstone,https://www.glossier.com/en-lt/products/body-spritz?variant=46579394150645,Fragrance,"A playful, sheer fragranced hair and body mist designed to be experimented with, layered, and spritzed throughout the day as a quick scent escape and refresh. Available in three iconic scents. Please note: Lilyhaze Body Spritz is intended for use on the body only.",True,2026-10-01T09:17:35+00:00
9089546780917,Body Spritz,Lilyhaze,https://www.glossier.com/en-lt/products/body-spritz?variant=47047565279477,Fragrance,"A playful, sheer fragranced hair and body mist designed to be experimented with, layered, and spritzed throughout the day as a quick scent escape and refresh. Available in three iconic scents. Please note: Lilyhaze Body Spritz is intended for use on the body only.",True,2026-10-01T09:17:35+00:00
9119274959093,Daily Oil Wash,Orange Blossom Neroli,https://www.glossier.com/en-lt/products/body-hero-daily-oil-wash?variant=46654792827125,Body,"A gentle body cleanser that provides a deeply nourishing wash, free from soap and sulfates. Its unique oil formula transforms into a milky lather when mixed with warm water, leaving the skin feeling soft and hydrated. Now available in two iconic scents.",True,2026-10-01T09:17:37+00:00
9119274959093,Daily Oil Wash,Sandstone,https://www.glossier.com/en-lt/products/body-hero-daily-oil-wash?variant=46654792859893,Body,"A gentle body cleanser that provides a deeply nourishing wash, free from soap and sulfates. Its unique oil formula transforms into a milky lather when mixed with warm water, leaving the skin feeling soft and hydrated. Now available in two iconic scents.",True,2026-10-01T09:17:37+00:00
9119279120629,Daily Perfecting Lotion,Orange Blossom Neroli,https://www.glossier.com/en-lt/products/body-hero-daily-perfecting-lotion?variant=46654804492533,Body,"A body lotion that does more than just moisturize. Now available in two iconic scents, this daily essential deeply nourishes skin while providing a subtle, healthy-looking glow. No pesky residue or dry-down time. Just a silky, lightweight lotion in a click-lock pump bottle for convenience and ease of use.",False,2026-10-01T09:17:38+00:00
9119279120629,Daily Perfecting Lotion,Sandstone,https://www.glossier.com/en-lt/products/body-hero-daily-perfecting-lotion?variant=46654804525301,Body,"A body lotion that does more than just moisturize. Now available in two iconic scents, this daily essential deeply nourishes skin while providing a subtle, healthy-looking glow. No pesky residue or dry-down time. Just a silky, lightweight lotion in a click-lock pump bottle for convenience and ease of use.",True,2026-10-01T09:17:38+00:00
8955900821749,No. 1 Pencil,Ochre,https://www.glossier.com/en-lt/products/no-1-pencil?variant=46178059780341,Makeup,"A creamy, long-wearing eyeliner pencil that glides on smoothly with rich, buildable, blendable color, supplying endless options for creative expression. Go bold or get subtle with demi-matte, dense pigments for crisp, true color that won’t rub, tug or transfer. This soft (but never too soft!) formula goes on in seconds and easily creates a sharp, defined line, with just enough dry-down time to blend it out for a diffused, smokey look—if that’s what you’re after.",True,2026-10-01T09:17:40+00:00
8955900821749,No. 1 Pencil,Kiln,https://www.glossier.com/en-lt/products/no-1-pencil?variant=46178059813109,Makeup,"A creamy, long-wearing eyeliner pencil that glides on smoothly with rich, buildable, blendable color, supplying endless options for creative expression. Go bold or get subtle with demi-matte, dense pigments for crisp, true color that won’t rub, tug or transfer. This soft (but never too soft!) formula goes on in seconds and easily creates a sharp, defined line, with just enough dry-down time to blend it out for a diffused, smokey look—if that’s what you’re after.",True,2026-10-01T09:17:40+00:00
8955900821749,No. 1 Pencil,Frame,https://www.glossier.com/en-lt/products/no-1-pencil?variant=46178059845877,Makeup,"A creamy, long-wearing eyeliner pencil that glides on smoothly with rich, buildable, blendable color, supplying endless options for creative expression. Go bold or get subtle with demi-matte, dense pigments for crisp, true color that won’t rub, tug or transfer. This soft (but never too soft!) formula goes on in seconds and easily creates a sharp, defined line, with just enough dry-down time to blend it out for a diffused, smokey look—if that’s what you’re after.",True,2026-10-01T09:17:40+00:00
8955900821749,No. 1 Pencil,Ink,https://www.glossier.com/en-lt/products/no-1-pencil?variant=46178059878645,Makeup,"A creamy, long-wearing eyeliner pencil that glides on smoothly with rich, buildable, blendable color, supplying endless options for creative expression. Go bold or get subtle with demi-matte, dense pigments for crisp, true color that won’t rub, tug or transfer. This soft (but never too soft!) formula goes on in seconds and easily creates a sharp, defined line, with just enough dry-down time to blend it out for a diffused, smokey look—if that’s what you’re after.",True,2026-10-01T09:17:40+00:00
8955900821749,No. 1 Pencil,Muse,https://www.glossier.com/en-lt/products/no-1-pencil?variant=46178059911413,Makeup,"A creamy, long-wearing eyeliner pencil that glides on smoothly with rich, buildable, blendable color, supplying endless options for creative expression. Go bold or get subtle with demi-matte, dense pigments for crisp, true color that won’t rub, tug or transfer. This soft (but never too soft!) formula goes on in seconds and easily creates a sharp, defined line, with just enough dry-down time to blend it out for a diffused, smokey look—if that’s what you’re after.",True,2026-10-01T09:17:40+00:00
8955900821749,No. 1 Pencil,Lapis,https://www.glossier.com/en-lt/products/no-1-pencil?variant=46178059944181,Makeup,"A creamy, long-wearing eyeliner pencil that glides on smoothly with rich, buildable, blendable color, supplying endless options for creative expression. Go bold or get subtle with demi-matte, dense pigments for crisp, true color that won’t rub, tug or transfer. This soft (but never too soft!) formula goes on in seconds and easily creates a sharp, defined line, with just enough dry-down time to blend it out for a diffused, smokey look—if that’s what you’re after.",True,2026-10-01T09:17:40+00:00
8955900821749,No. 1 Pencil,Patina,https://www.glossier.com/en-lt/products/no-1-pencil?variant=46178059976949,Makeup,"A creamy, long-wearing eyeliner pencil that glides on smoothly with rich, buildable, blendable color, supplying endless options for creative expression. Go bold or get subtle with demi-matte, dense pigments for crisp, true color that won’t rub, tug or transfer. This soft (but never too soft!) formula goes on in seconds and easily creates a sharp, defined line, with just enough dry-down time to blend it out for a diffused, smokey look—if that’s what you’re after.",True,2026-10-01T09:17:40+00:00
8955900821749,No. 1 Pencil,Fresco,https://www.glossier.com/en-lt/products/no-1-pencil?variant=46178060009717,Makeup,"A creamy, long-wearing eyeliner pencil that glides on smoothly with rich, buildable, blendable color, supplying endless options for creative expression. Go bold or get subtle with demi-matte, dense pigments for crisp, true color that won’t rub, tug or transfer. This soft (but never too soft!) formula goes on in seconds and easily creates a sharp, defined line, with just enough dry-down time to blend it out for a diffused, smokey look—if that’s what you’re after.",True,2026-10-01T09:17:40+00:00
8955900821749,No. 1 Pencil,Canvas,https://www.glossier.com/en-lt/products/no-1-pencil?variant=46178060042485,Makeup,"A creamy, long-wearing eyeliner pencil that glides on smoothly with rich, buildable, blendable color, supplying endless options for creative expression. Go bold or get subtle with demi-matte, dense pigments for crisp, true color that won’t rub, tug or transfer. This soft (but never too soft!) formula goes on in seconds and easily creates a sharp, defined line, with just enough dry-down time to blend it out for a diffused, smokey look—if that’s what you’re after.",True,2026-10-01T09:17:40+00:00
8955900821749,No. 1 Pencil,Rococo,https://www.glossier.com/en-lt/products/no-1-pencil?variant=46178060075253,Makeup,"A creamy, long-wearing eyeliner pencil that glides on smoothly with rich, buildable, blendable color, supplying endless options for creative expression. Go bold or get subtle with demi-matte, dense pigments for crisp, true color that won’t rub, tug or transfer. This soft (but never too soft!) formula goes on in seconds and easily creates a sharp, defined line, with just enough dry-down time to blend it out for a diffused, smokey look—if that’s what you’re after.",True,2026-10-01T09:17:40+00:00
8035306012917,Priming Moisturizer Rich,,https://www.glossier.com/en-lt/products/priming-moisturizer-rich?variant=43781983076597,Skincare,"A luxuriously rich yet fast-absorbing face cream that delivers a surge of long-lasting hydration. The buttery texture and blend of botanical oils and glycerin melt into skin to give you a smooth, dewy finish that’s perfectly prepped for makeup.",True,2026-10-01T09:17:41+00:00
8035304702197,Priming Moisturizer Balance,,https://www.glossier.com/en-lt/products/priming-moisturizer-balance?variant=43781981602037,Skincare,"A fast-absorbing, lightweight gel-cream moisturizer that balances oil without over-drying or leaving a powdery finish. Immediately, thanks to Marine Extract and Niacinamide, pores appear smaller, shine is gone, and skin is hydrated and happy—with more skin-balancing benefits over time.",False,2026-10-01T09:17:42+00:00
8035305357557,Milky Oil,,https://www.glossier.com/en-lt/products/milky-oil?variant=43781982224629,Skincare,"A gentle makeup remover that melts away long-wearing and waterproof formulas—without needing to rub or tug the skin. The perfectly-proportioned blend of micellar water and weightless oil create a dual-phase formula that easily dissolves makeup, while Pro-Vitamin B5 conditions so your skin feels soft and fresh after use.",True,2026-10-01T09:17:43+00:00
8185258410229,Full Orbit,,https://www.glossier.com/en-lt/products/full-orbit?variant=44181679898869,Skincare,"A multi-benefit, 360° eye cream that tackles the concerns you care about most—immediately hydrating for up to 24 hours and depuffing while visibly brightening dark circles and smoothing the look of fine lines. Our unique lightweight, gel-cream texture (less likely to cause milia!) is fit for under eyes, on eyelids and along the orbital bone for overall fresher, brighter-looking eyes.",True,2026-10-01T09:17:44+00:00
9178342228213,Skylight,Prism,https://www.glossier.com/en-lt/products/skylight?variant=46783564939509,Makeup,"A skin-loving liquid highlighter for pearlescent radiance. Infused with Complexion-Inspired Micro Pearls, this buildable formula delivers long-lasting radiance that is non-sticky, non-tacky and never streaky.",True,2026-10-01T09:17:48+00:00
9178342228213,Skylight,Starry,https://www.glossier.com/en-lt/products/skylight?variant=46783564972277,Makeup,"A skin-loving liquid highlighter for pearlescent radiance. Infused with Complexion-Inspired Micro Pearls, this buildable formula delivers long-lasting radiance that is non-sticky, non-tacky and never streaky.",True,2026-10-01T09:17:48+00:00
9178342228213,Skylight,Sunlit,https://www.glossier.com/en-lt/products/skylight?variant=46783565005045,Makeup,"A skin-loving liquid highlighter for pearlescent radiance. Infused with Complexion-Inspired Micro Pearls, this buildable formula delivers long-lasting radiance that is non-sticky, non-tacky and never streaky.",True,2026-10-01T09:17:48+00:00
9178342228213,Skylight,Glimmer,https://www.glossier.com/en-lt/products/skylight?variant=46783565037813,Makeup,"A skin-loving liquid highlighter for pearlescent radiance. Infused with Complexion-Inspired Micro Pearls, this buildable formula delivers long-lasting radiance that is non-sticky, non-tacky and never streaky.",True,2026-10-01T09:17:48+00:00
9178342228213,Skylight,Gaze,https://www.glossier.com/en-lt/products/skylight?variant=46783565070581,Makeup,"A skin-loving liquid highlighter for pearlescent radiance. Infused with Complexion-Inspired Micro Pearls, this buildable formula delivers long-lasting radiance that is non-sticky, non-tacky and never streaky.",True,2026-10-01T09:17:48+00:00
8097737670901,Stretch Face Brush,,https://www.glossier.com/en-lt/products/stretch-face-brush?variant=43983135506677,Makeup,"The curved shape glides across the contours of your face for an easy, streak-free finish. With short, dense, super-soft bristles for buffing, a targeted tip for those hard-to-blend areas, and swivel cover—it’s your new grab-and-go-to face brush.",True,2026-10-01T09:17:49+00:00
9002627596533,Milky Jelly Cleansing Balm,,https://www.glossier.com/en-lt/products/milky-jelly-cleansing-balm?variant=46313447653621,Skincare,"A nourishing and transformative gel-balm cleanser that gently dissolves makeup, SPF and impurities. Massage onto dry skin, add water to emulsify and rinse or gently wipe away with a clean, damp cloth for a soft and hydrated canvas.",True,2026-10-01T09:17:50+00:00
8035305259253,Super Glow,,https://www.glossier.com/en-lt/products/super-glow?variant=43781982093557,Skincare,"A lightweight, nourishing serum formulated with 5% Vitamin C derivative and Magnesium PCA. These ingredients team up to even skin tone, improve the appearance of dark spots, and replenish moisture for recharged, refreshed and glowy skin.",True,2026-10-01T09:17:51+00:00
8035305488629,Super Bounce,,https://www.glossier.com/en-lt/products/super-bounce?variant=43781982355701,Skincare,"A fast-absorbing, super refreshing serum with a soothing combo of 2% Hyaluronic Acid Complex and Pro-Vitamin B5. Beneath the skin, this one-two punch gets to work, deeply hydrating on multiple layers for a visibly smooth, soft (and never sticky) canvas.",True,2026-10-01T09:17:52+00:00
8035304898805,Super Pure,,https://www.glossier.com/en-lt/products/super-pure?variant=43781981733109,Skincare,"A daily vitamin and mineral duo of Zinc PCA and 5% Niacinamide (the perfect amount to be effective without irritating skin). This double dose nourishes skin for visibly smoother texture, smaller-looking pores, and improved clarity.",True,2026-10-01T09:17:53+00:00
8989311336693,Futuredew Solid,,https://www.glossier.com/en-lt/products/futuredew-solid?variant=46269534863605,Skincare,"Say hello to skin-loving illumination. A creamy, oil-serum illuminating stick that instantly melts on the skin for a seamless, light-reflecting glow. Swipe it on cheekbones, nose bridge and brow bones for a refreshed dew that lasts.",True,2026-10-01T09:17:55+00:00
8784192995573,Birthday Cake Candle,,https://www.glossier.com/en-lt/products/birthday-cake-candle?variant=45807718039797,Fragrance,"Sweeten your space with this 10th anniversary exclusive candle, inspired by our beloved Birthday Balm Dotcom flavor and housed in a custom-molded glass jar with a chrome finish.",True,2026-10-01T09:17:56+00:00
8035306766581,Deodorant Refillable Case,,https://www.glossier.com/en-lt/products/deodorant-refillable-case?variant=43781984321781,Body,"A case for your refillable Deodorant. Re-up on your signature scent or pop a new one into this refillable case. Available in three signature scents (Sandstone, Glossier You and Orange Blossom Neroli) plus Unscented, our refillable deodorant will outdo any odor.",True,2026-10-01T09:17:58+00:00
8035307258101,Deodorant Refill Stick,Orange Blossom Neroli,https://www.glossier.com/en-lt/products/deodorant-refill-stick?variant=43781987598581,Body,"2024 Allure Best of Beauty Award-Winner. A refill for your Deodorant case. Re-up on your signature scent or pop in a new one. Formulated without aluminum, baking soda, exfoliating acids or water—aka things that can cause bad odor, disrupt the skin’s pH level and cause irritation—our Deodorant keeps it gentle (but mighty!) with ingredients that work for every underarm. Available in three signature scents (Sandstone, Glossier You and Orange Blossom Neroli) plus Unscented, these refill sticks will outdo any odor.",False,2026-10-01T09:18:00+00:00
8035307258101,Deodorant Refill Stick,Glossier You,https://www.glossier.com/en-lt/products/deodorant-refill-stick?variant=43781987565813,Body,"2024 Allure Best of Beauty Award-Winner. A refill for your Deodorant case. Re-up on your signature scent or pop in a new one. Formulated without aluminum, baking soda, exfoliating acids or water—aka things that can cause bad odor, disrupt the skin’s pH level and cause irritation—our Deodorant keeps it gentle (but mighty!) with ingredients that work for every underarm. Available in three signature scents (Sandstone, Glossier You and Orange Blossom Neroli) plus Unscented, these refill sticks will outdo any odor.",False,2026-10-01T09:18:00+00:00
8035307258101,Deodorant Refill Stick,Sandstone,https://www.glossier.com/en-lt/products/deodorant-refill-stick?variant=43781987631349,Body,"2024 Allure Best of Beauty Award-Winner. A refill for your Deodorant case. Re-up on your signature scent or pop in a new one. Formulated without aluminum, baking soda, exfoliating acids or water—aka things that can cause bad odor, disrupt the skin’s pH level and cause irritation—our Deodorant keeps it gentle (but mighty!) with ingredients that work for every underarm. Available in three signature scents (Sandstone, Glossier You and Orange Blossom Neroli) plus Unscented, these refill sticks will outdo any odor.",False,2026-10-01T09:18:00+00:00
8284280193269,Solution,,https://www.glossier.com/en-lt/products/solution?variant=44623477670133,Skincare,"A daily skin-perfecting exfoliator that transforms the look and feel of your complexion by gently “ungluing” dull, dead skin and sweeping it away. With everyday use, a 10% blend of exfoliating acids help improve the appearance of uneven texture, visibly reduce the look of blemishes, and refine the appearance of enlarged pores for smoother, softer, glowier-looking skin.",False,2026-10-01T09:18:02+00:00
8035307651317,Lidstar,Lily,https://www.glossier.com/en-lt/products/lidstar?variant=43781990088949,Makeup,"This soft, glistening eyeshadow creates a sheer, shimmering veil of color—locking onto lids and lasting all day without creasing. Ultrafine pigments float through a buttery base for a silky, blendable formula that swipes on seamlessly and maintains its pretty, glistening look long after it settles. Available in 8 shades with different pearls, flecks, and special effects for the lit-from-within, multi-dimensional glow of your dreams.",True,2026-10-01T09:18:03+00:00
8035307651317,Lidstar,Branch,https://www.glossier.com/en-lt/products/lidstar?variant=43781990154485,Makeup,"This soft, glistening eyeshadow creates a sheer, shimmering veil of color—locking onto lids and lasting all day without creasing. Ultrafine pigments float through a buttery base for a silky, blendable formula that swipes on seamlessly and maintains its pretty, glistening look long after it settles. Available in 8 shades with different pearls, flecks, and special effects for the lit-from-within, multi-dimensional glow of your dreams.",True,2026-10-01T09:18:03+00:00
8035307651317,Lidstar,Herb,https://www.glossier.com/en-lt/products/lidstar?variant=43781989859573,Makeup,"This soft, glistening eyeshadow creates a sheer, shimmering veil of color—locking onto lids and lasting all day without creasing. Ultrafine pigments float through a buttery base for a silky, blendable formula that swipes on seamlessly and maintains its pretty, glistening look long after it settles. Available in 8 shades with different pearls, flecks, and special effects for the lit-from-within, multi-dimensional glow of your dreams.",True,2026-10-01T09:18:03+00:00
8035307651317,Lidstar,Bun,https://www.glossier.com/en-lt/products/lidstar?variant=43781990121717,Makeup,"This soft, glistening eyeshadow creates a sheer, shimmering veil of color—locking onto lids and lasting all day without creasing. Ultrafine pigments float through a buttery base for a silky, blendable formula that swipes on seamlessly and maintains its pretty, glistening look long after it settles. Available in 8 shades with different pearls, flecks, and special effects for the lit-from-within, multi-dimensional glow of your dreams.",True,2026-10-01T09:18:03+00:00
8035307651317,Lidstar,Slip,https://www.glossier.com/en-lt/products/lidstar?variant=43781990023413,Makeup,"This soft, glistening eyeshadow creates a sheer, shimmering veil of color—locking onto lids and lasting all day without creasing. Ultrafine pigments float through a buttery base for a silky, blendable formula that swipes on seamlessly and maintains its pretty, glistening look long after it settles. Available in 8 shades with different pearls, flecks, and special effects for the lit-from-within, multi-dimensional glow of your dreams.",True,2026-10-01T09:18:03+00:00
8035305324789,Body Hero Exfoliating Bar,,https://www.glossier.com/en-lt/products/body-hero-exfoliating-bar?variant=43781982191861,Body,"Our ergonomically-designed, no-mess body scrub bar fits in the palm of your hand and sloughs away dead skin and dryness to reveal baby-smooth skin. Finely-milled, biodegradable Bamboo Powder provides powerful (yet never painfully powerful) scrub action that exfoliates for skin that feels instantly softer and smoother. Sunflower Seed Oil and Aloe Leaf juice lock in moisture, so you’ll never feel that stripped soapy feeling, while Orange Blossom Neroli Blend adds the fresh, sparkling scent of pear, mandarin, and cypress. Don’t forget to inhale, exhale, and relax for an instant shower (or bubble bath) upgrade.",True,2026-10-01T09:18:04+00:00
8035305193717,Glossier You Solid Refill,,https://www.glossier.com/en-lt/products/glossier-you-solid-refill?variant=43781982028021,Fragrance,"The solid refill of our ultimate personal fragrance, Glossier you. The solid formula is softer and more intimate, with an alcohol-free, anhydrous wax base that quite literally melts into skin and holds the fragrance close, almost like it’s a part of you. Instead of being surrounded by a cloud of scent, you get friendly reminders throughout the day when you catch a whiff of your wrist or neck of your sweater—creamy, warm, sparkling notes of ambrox, ambrette, musk, iris root and pink pepper.",True,2026-10-01T09:18:04+00:00
8463593275637,Sharpener,,https://www.glossier.com/en-lt/products/sharpener?variant=45181354279157,Makeup,"Keep your essentials in prime condition with this eye + lip liner sharpener featuring a German-engineered blade for smooth, precise lines every time.",True,2026-10-01T09:18:06+00:00
7774947967221,Terrazzo Hoodie,XS,https://www.glossier.com/en-lt/products/terrazzo-hoodie?variant=43002861977845,Merch,"Extra-plush and cut for a relaxed, slightly oversized fit, our Terrazzo Hoodie is back for a limited time. Like our other hoodies, it features a super-soft, fleecy inside, our signature Glossier logo on the front, and a subtle speckled pattern.",False,2026-10-01T09:18:07+00:00
7774947967221,Terrazzo Hoodie,S,https://www.glossier.com/en-lt/products/terrazzo-hoodie?variant=43002862010613,Merch,"Extra-plush and cut for a relaxed, slightly oversized fit, our Terrazzo Hoodie is back for a limited time. Like our other hoodies, it features a super-soft, fleecy inside, our signature Glossier logo on the front, and a subtle speckled pattern.",True,2026-10-01T09:18:07+00:00
7774947967221,Terrazzo Hoodie,M,https://www.glossier.com/en-lt/products/terrazzo-hoodie?variant=43002862043381,Merch,"Extra-plush and cut for a relaxed, slightly oversized fit, our Terrazzo Hoodie is back for a limited time. Like our other hoodies, it features a super-soft, fleecy inside, our signature Glossier logo on the front, and a subtle speckled pattern.",True,2026-10-01T09:18:07+00:00
7774947967221,Terrazzo Hoodie,L,https://www.glossier.com/en-lt/products/terrazzo-hoodie?variant=43002862076149,Merch,"Extra-plush and cut for a relaxed, slightly oversized fit, our Terrazzo Hoodie is back for a limited time. Like our other hoodies, it features a super-soft, fleecy inside, our signature Glossier logo on the front, and a subtle speckled pattern.",True,2026-10-01T09:18:07+00:00
7774947967221,Terrazzo Hoodie,XL,https://www.glossier.com/en-lt/products/terrazzo-hoodie?variant=43002862108917,Merch,"Extra-plush and cut for a relaxed, slightly oversized fit, our Terrazzo Hoodie is back for a limited time. Like our other hoodies, it features a super-soft, fleecy inside, our signature Glossier logo on the front, and a subtle speckled pattern.",True,2026-10-01T09:18:07+00:00
7774947967221,Terrazzo Hoodie,2XL,https://www.glossier.com/en-lt/products/terrazzo-hoodie?variant=43002862141685,Merch,"Extra-plush and cut for a relaxed, slightly oversized fit, our Terrazzo Hoodie is back for a limited time. Like our other hoodies, it features a super-soft, fleecy inside, our signature Glossier logo on the front, and a subtle speckled pattern.",True,2026-10-01T09:18:07+00:00
7774947967221,Terrazzo Hoodie,3XL,https://www.glossier.com/en-lt/products/terrazzo-hoodie?variant=43002862174453,Merch,"Extra-plush and cut for a relaxed, slightly oversized fit, our Terrazzo Hoodie is back for a limited time. Like our other hoodies, it features a super-soft, fleecy inside, our signature Glossier logo on the front, and a subtle speckled pattern.",True,2026-10-01T09:18:07+00:00
8059543847157,Limited Edition Embroidered Cream Hoodie,XS,https://www.glossier.com/en-lt/products/limited-edition-embroidered-cream-hoodie?variant=43884795101429,Merch,"Inspired by all the things we love about summer (evening walks, beach bonfires, city rooftops…shall we continue?), our iconic Embroidered Hoodie is now available in a limited-edition cream colorway. Like our other hoodies, it’s plush and cozy with a super-soft, fleecy inside, an embroidered Glossier logo on the front, and a pink and red G-logo patch on the sleeve. We know, a hoodie for the summer sounds…hot but this time around, we wanted to create something for those slightly-chilly evenings when you want to stay outside just a little bit longer.",True,2026-10-01T09:18:08+00:00
8059543847157,Limited Edition Embroidered Cream Hoodie,S,https://www.glossier.com/en-lt/products/limited-edition-embroidered-cream-hoodie?variant=43884795134197,Merch,"Inspired by all the things we love about summer (evening walks, beach bonfires, city rooftops…shall we continue?), our iconic Embroidered Hoodie is now available in a limited-edition cream colorway. Like our other hoodies, it’s plush and cozy with a super-soft, fleecy inside, an embroidered Glossier logo on the front, and a pink and red G-logo patch on the sleeve. We know, a hoodie for the summer sounds…hot but this time around, we wanted to create something for those slightly-chilly evenings when you want to stay outside just a little bit longer.",True,2026-10-01T09:18:08+00:00
8059543847157,Limited Edition Embroidered Cream Hoodie,M,https://www.glossier.com/en-lt/products/limited-edition-embroidered-cream-hoodie?variant=43884795166965,Merch,"Inspired by all the things we love about summer (evening walks, beach bonfires, city rooftops…shall we continue?), our iconic Embroidered Hoodie is now available in a limited-edition cream colorway. Like our other hoodies, it’s plush and cozy with a super-soft, fleecy inside, an embroidered Glossier logo on the front, and a pink and red G-logo patch on the sleeve. We know, a hoodie for the summer sounds…hot but this time around, we wanted to create something for those slightly-chilly evenings when you want to stay outside just a little bit longer.",True,2026-10-01T09:18:08+00:00
8059543847157,Limited Edition Embroidered Cream Hoodie,L,https://www.glossier.com/en-lt/products/limited-edition-embroidered-cream-hoodie?variant=43884795199733,Merch,"Inspired by all the things we love about summer (evening walks, beach bonfires, city rooftops…shall we continue?), our iconic Embroidered Hoodie is now available in a limited-edition cream colorway. Like our other hoodies, it’s plush and cozy with a super-soft, fleecy inside, an embroidered Glossier logo on the front, and a pink and red G-logo patch on the sleeve. We know, a hoodie for the summer sounds…hot but this time around, we wanted to create something for those slightly-chilly evenings when you want to stay outside just a little bit longer.",True,2026-10-01T09:18:08+00:00
8059543847157,Limited Edition Embroidered Cream Hoodie,XL,https://www.glossier.com/en-lt/products/limited-edition-embroidered-cream-hoodie?variant=43884795232501,Merch,"Inspired by all the things we love about summer (evening walks, beach bonfires, city rooftops…shall we continue?), our iconic Embroidered Hoodie is now available in a limited-edition cream colorway. Like our other hoodies, it’s plush and cozy with a super-soft, fleecy inside, an embroidered Glossier logo on the front, and a pink and red G-logo patch on the sleeve. We know, a hoodie for the summer sounds…hot but this time around, we wanted to create something for those slightly-chilly evenings when you want to stay outside just a little bit longer.",True,2026-10-01T09:18:08+00:00
8059543847157,Limited Edition Embroidered Cream Hoodie,2XL,https://www.glossier.com/en-lt/products/limited-edition-embroidered-cream-hoodie?variant=43884795265269,Merch,"Inspired by all the things we love about summer (evening walks, beach bonfires, city rooftops…shall we continue?), our iconic Embroidered Hoodie is now available in a limited-edition cream colorway. Like our other hoodies, it’s plush and cozy with a super-soft, fleecy inside, an embroidered Glossier logo on the front, and a pink and red G-logo patch on the sleeve. We know, a hoodie for the summer sounds…hot but this time around, we wanted to create something for those slightly-chilly evenings when you want to stay outside just a little bit longer.",True,2026-10-01T09:18:08+00:00
8059543847157,Limited Edition Embroidered Cream Hoodie,3XL,https://www.glossier.com/en-lt/products/limited-edition-embroidered-cream-hoodie?variant=43884795298037,Merch,"Inspired by all the things we love about summer (evening walks, beach bonfires, city rooftops…shall we continue?), our iconic Embroidered Hoodie is now available in a limited-edition cream colorway. Like our other hoodies, it’s plush and cozy with a super-soft, fleecy inside, an embroidered Glossier logo on the front, and a pink and red G-logo patch on the sleeve. We know, a hoodie for the summer sounds…hot but this time around, we wanted to create something for those slightly-chilly evenings when you want to stay outside just a little bit longer.",True,2026-10-01T09:18:08+00:00
8878914076917,Three Eyed Smiley Mug,,https://www.glossier.com/en-lt/products/three-eyed-smiley-mug?variant=46030761885941,Merch,"Enjoy a sip of instant joy with this stackable Glossier pink ceramic mug, featuring our logo and Three Eyed Smiley. Ideal for tea, coffee or storing your favorite makeup products!",True,2026-10-01T09:18:09+00:00
8035307454709,Glossier Sweatshirt,XS,https://www.glossier.com/en-lt/products/glossier-sweatshirt?variant=43781988090101,Merch,"Here’s the story: originally made for our team at Glossier HQ (because our offices can get pretty chilly), then everyone started asking for them. So, we made more. With a classic crewneck, raglan sleeves, and super soft, plush fleece interior—it feels like something you’ve worn (and loved) forever. Plus, now we can all match!",True,2026-10-01T09:18:10+00:00
8035307454709,Glossier Sweatshirt,S,https://www.glossier.com/en-lt/products/glossier-sweatshirt?variant=43781988155637,Merch,"Here’s the story: originally made for our team at Glossier HQ (because our offices can get pretty chilly), then everyone started asking for them. So, we made more. With a classic crewneck, raglan sleeves, and super soft, plush fleece interior—it feels like something you’ve worn (and loved) forever. Plus, now we can all match!",True,2026-10-01T09:18:10+00:00
8035307454709,Glossier Sweatshirt,M,https://www.glossier.com/en-lt/products/glossier-sweatshirt?variant=43781988188405,Merch,"Here’s the story: originally made for our team at Glossier HQ (because our offices can get pretty chilly), then everyone started asking for them. So, we made more. With a classic crewneck, raglan sleeves, and super soft, plush fleece interior—it feels like something you’ve worn (and loved) forever. Plus, now we can all match!",True,2026-10-01T09:18:10+00:00
8035307454709,Glossier Sweatshirt,L,https://www.glossier.com/en-lt/products/glossier-sweatshirt?variant=43781988253941,Merch,"Here’s the story: originally made for our team at Glossier HQ (because our offices can get pretty chilly), then everyone started asking for them. So, we made more. With a classic crewneck, raglan sleeves, and super soft, plush fleece interior—it feels like something you’ve worn (and loved) forever. Plus, now we can all match!",True,2026-10-01T09:18:10+00:00
8035307454709,Glossier Sweatshirt,XL,https://www.glossier.com/en-lt/products/glossier-sweatshirt?variant=43781988319477,Merch,"Here’s the story: originally made for our team at Glossier HQ (because our offices can get pretty chilly), then everyone started asking for them. So, we made more. With a classic crewneck, raglan sleeves, and super soft, plush fleece interior—it feels like something you’ve worn (and loved) forever. Plus, now we can all match!",True,2026-10-01T09:18:10+00:00
8035307454709,Glossier Sweatshirt,2XL,https://www.glossier.com/en-lt/products/glossier-sweatshirt?variant=43781988352245,Merch,"Here’s the story: originally made for our team at Glossier HQ (because our offices can get pretty chilly), then everyone started asking for them. So, we made more. With a classic crewneck, raglan sleeves, and super soft, plush fleece interior—it feels like something you’ve worn (and loved) forever. Plus, now we can all match!",True,2026-10-01T09:18:10+00:00
8035307454709,Glossier Sweatshirt,3XL,https://www.glossier.com/en-lt/products/glossier-sweatshirt?variant=43781988385013,Merch,"Here’s the story: originally made for our team at Glossier HQ (because our offices can get pretty chilly), then everyone started asking for them. So, we made more. With a classic crewneck, raglan sleeves, and super soft, plush fleece interior—it feels like something you’ve worn (and loved) forever. Plus, now we can all match!",True,2026-10-01T09:18:10+00:00
7774946722037,Field Greens Blanket,,https://www.glossier.com/en-lt/products/field-greens-blanket?variant=43002858504437,Merch,"Big enough to cuddle under, cozy enough to want to keep all to yourself. Our 100% cotton knitwear blanket (originally a holiday gift for the gTEAM!) is back for all your lounging needs. This super soft (and never itchy) blanket will be loved by you and your pets.",True,2026-10-01T09:18:11+00:00
8511286575349,Glossier Utility Bag,,https://www.glossier.com/en-lt/products/glossier-utility-bag?variant=45265209196789,Merch,"Flaunt both storage and style with this sturdy, strapped canvas bag embossed with Glossier’s birthplace and year— New York, New York, 2014. Carry all and carry on with seven durable pockets for products, personal belongings and everything in between.",True,2026-10-01T09:18:12+00:00
8081166794997,Duffle Bag,,https://www.glossier.com/en-lt/products/duffle-bag?variant=43946844356853,Merch,"Meet your new go-to gym bag, long-weekend satchel, carry-everything, chic-and-sporty duffle. It comes equipped with a single main compartment, two interior pockets, a side pocket, and an adjustable, detachable shoulder strap. A desert rose colorway, with a sand-colored bag, peach straps and burgundy Glossier logo.",True,2026-10-01T09:18:14+00:00
8878915322101,Classic Cap,Cloud Paint,https://www.glossier.com/en-lt/products/classic-cap?variant=46093863977205,Merch,Say hello to our brand new caps! An everyday staple featuring a pre-curved visor and an embroidered design. Available in two variations.,True,2026-10-01T09:18:15+00:00
8878915322101,Classic Cap,Glossier Pink,https://www.glossier.com/en-lt/products/classic-cap?variant=46030765457653,Merch,Say hello to our brand new caps! An everyday staple featuring a pre-curved visor and an embroidered design. Available in two variations.,True,2026-10-01T09:18:15+00:00
8878915322101,Classic Cap,Blue Denim,https://www.glossier.com/en-lt/products/classic-cap?variant=46030765424885,Merch,Say hello to our brand new caps! An everyday staple featuring a pre-curved visor and an embroidered design. Available in two variations.,False,2026-10-01T09:18:15+00:00
9315806183669,Cloud Paint Cheek Brush,,https://www.glossier.com/en-lt/products/cloud-paint-cheek-brush?variant=46973454090485,Makeup,"A dual-ended, portable and retractable synthetic brush designed for our powder and gel-cream blushes. The tapered brush end is perfect for blending Cloud Paint Plush Blush. While the opposite end mimics fingertips with a soft and non-absorbent silicone tip, making it perfect for patting on Cloud Paint!",True,2026-10-01T09:18:26+00:00
8784198795509,Wavy Tray,Salt,https://www.glossier.com/en-lt/products/wavy-tray?variant=45807727018229,Merch,"Bring a bit of our world to yours with this 10th anniversary exclusive acrylic tray. A beloved staple from our stores, it’s perfect for displaying your makeup or holding your favorite cleansing bar.",True,2026-10-01T09:18:27+00:00
8784198795509,Wavy Tray,Cube,https://www.glossier.com/en-lt/products/wavy-tray?variant=45807726985461,Merch,"Bring a bit of our world to yours with this 10th anniversary exclusive acrylic tray. A beloved staple from our stores, it’s perfect for displaying your makeup or holding your favorite cleansing bar.",True,2026-10-01T09:18:27+00:00
8784198795509,Wavy Tray,Blush,https://www.glossier.com/en-lt/products/wavy-tray?variant=45807727050997,Merch,"Bring a bit of our world to yours with this 10th anniversary exclusive acrylic tray. A beloved staple from our stores, it’s perfect for displaying your makeup or holding your favorite cleansing bar.",True,2026-10-01T09:18:27+00:00
